Model,Avg_Pos,Avg_Neg,Margin,Avg_Rand_Neg,threshold_1,threshold_1.1,threshold_1.2,threshold_1.5,threshold_2,threshold_3
CLIP,0.30459874,0.29715599,0.00744276,0.14981945,0.73450620,0.08124750,0.01155538,0.00011995,0.00000000,0.00000000
HNC_1_full_small_ref_epoch1,0.6650051155090330,0.652838924407959,0.012166191101074200,0.009846611879765990,0.648,0.123,0.044,0.017,0.005,0.002
HNC_1_full_small_ref_epoch2,0.6695924072265630,0.6562331466674800,0.013359260559082100,0.01638796180486680,0.644,0.13,0.065,0.017,0.006,0.001
HNC_1_full_small_ref_epoch3,0.6624931182861330,0.6470194091796880,0.0154737091064453,0.019810345023870500,0.636,0.163,0.08,0.022,0.005,0.002
HNC_1_full_small_ref_epoch4,0.65483544921875,0.6388624725341800,0.015972976684570300,0.029871387407183600,0.632,0.162,0.089,0.028,0.01,0.004
HNC_1_full_small_ref_epoch5,0.6584659576416020,0.6428374328613280,0.015628524780273400,0.02364983595907690,0.63,0.163,0.086,0.027,0.009,0.004
HNC_1_full_small_ref_epoch6,0.6357293548583980,0.6188041954040530,0.016925159454345700,0.02795029990375040,0.623,0.193,0.117,0.04,0.015,0.007
HNC_1_full_small_ref_epoch7,0.6234176578521730,0.6036186904907230,0.019798967361450100,0.03032875619828700,0.612,0.234,0.136,0.054,0.023,0.007
HNC_1_full_small_ref_epoch8,0.6116211090087890,0.5912251472473150,0.020395961761474600,0.036806683987379100,0.619,0.248,0.151,0.061,0.029,0.014
HNC_1_full_small_ref_epoch9,0.6200451893806460,0.598147689819336,0.02189749956130980,0.02234334871172910,0.631,0.239,0.15,0.061,0.028,0.011
HNC_1_full_small_ref_epoch10,0.6092788591384890,0.5843824958801270,0.024896363258361900,0.03417222574353220,0.625,0.251,0.172,0.076,0.038,0.02
HNC_1_full_small_ref_epoch11,0.5977228823900220,0.5734960832595830,0.02422679913043970,0.028666356578469300,0.603,0.266,0.181,0.078,0.028,0.013
HNC_1_full_small_ref_epoch12,0.6013130073547360,0.57477814245224,0.026534864902496300,0.036010608077049300,0.613,0.27,0.186,0.077,0.033,0.022
HNC_KL_1_S_full_epoch1,0.6602850532531740,0.6481923522949220,0.01209270095825200,0.021703146398067500,0.646,0.122,0.051,0.018,0.007,0.003
HNC_KL_1_S_full_epoch2,0.659093090057373,0.6464559936523440,0.012637096405029300,0.020866837352514300,0.638,0.129,0.065,0.018,0.003,0.001
HNC_KL_1_S_full_epoch3,0.6521551208496090,0.637296630859375,0.014858489990234300,0.020808745175600100,0.619,0.164,0.083,0.026,0.003,0.001
HNC_KL_1_S_full_epoch4,0.6401336431503300,0.6250945816040040,0.015039061546325700,0.027391575276851700,0.631,0.165,0.096,0.03,0.01,0.006
HNC_KL_1_S_full_epoch5,0.641333885192871,0.6255655307769780,0.015768354415893500,0.028761934489011800,0.622,0.166,0.099,0.035,0.01,0.004
HNC_KL_1_S_full_epoch6,0.6253332176208500,0.6088511810302740,0.01648203659057610,0.026355495676398300,0.615,0.187,0.119,0.041,0.018,0.008
HNC_KL_1_S_full_epoch7,0.6153910160064700,0.5969283294677730,0.018462686538696300,0.03920512646436690,0.602,0.214,0.129,0.047,0.017,0.008
HNC_KL_1_S_full_epoch8,0.5981135520935060,0.5793413200378420,0.01877223205566400,0.0313105434179306,0.617,0.242,0.159,0.067,0.032,0.015
HNC_KL_1_S_full_epoch9,0.6003085792064670,0.5806344413757320,0.01967413783073420,0.016951827332377400,0.612,0.246,0.155,0.06,0.021,0.011
HNC_KL_1_S_full_epoch10,0.5911738977432250,0.5707456493377690,0.02042824840545670,0.028329867869615600,0.606,0.25,0.165,0.067,0.037,0.019
HNC_KL_1_S_full_epoch11,0.5865235080719000,0.5679133491516110,0.018610158920288200,0.03697940707206730,0.596,0.252,0.164,0.076,0.031,0.017
HNC_KL_1_S_full_epoch12,0.583217378616333,0.5637581043243410,0.019459274291992200,0.035856813192367600,0.602,0.265,0.189,0.075,0.029,0.015
HNC_KL_1_S_full_epoch13,0.563503363609314,0.5426713600158690,0.020832003593444800,0.04105861857533460,0.606,0.282,0.197,0.087,0.043,0.026
HNC_KL_1_S_full_epoch14,0.5613388252258300,0.5422521982192990,0.019086627006530900,0.032897818833589600,0.583,0.267,0.189,0.09,0.043,0.02
HNC_KL_1_S_full_epoch15,0.5554834642410280,0.5345294809341430,0.020953983306884700,0.02106880396604540,0.595,0.28,0.189,0.085,0.038,0.011
HNC_KL_1_S_full_epoch16,0.5539580874443050,0.5327944416999820,0.021163645744323700,0.03970521688461300,0.593,0.279,0.203,0.084,0.039,0.015
HNC_KL_1_S_full_epoch17,0.5444826965332030,0.5235670800209050,0.020915616512298600,0.032787032425403600,0.586,0.277,0.199,0.105,0.048,0.021
HNC_KL_1_S_full_epoch18,0.5285434546470640,0.5079579772949220,0.020585477352142300,0.03557467460632320,0.566,0.29,0.217,0.101,0.052,0.025
HNC_KL_1_S_full_epoch19,0.5127100410461430,0.49239003705978400,0.020320003986358600,0.03964885324239730,0.585,0.311,0.224,0.105,0.053,0.026
HNC_KL_1_S_full_epoch20,0.5058957448005680,0.48725352668762200,0.018642218112945600,0.034565627574920700,0.577,0.284,0.208,0.105,0.052,0.026
HNC_KL_1_S_full_epoch21,0.49740435028076200,0.47979954242706300,0.01760480785369880,0.04767744615674020,0.557,0.292,0.21,0.106,0.049,0.026
HNC_KL_1_S_full_epoch22,0.49738432025909400,0.4786727570295330,0.018711563229560900,0.039767373353242900,0.559,0.293,0.214,0.106,0.056,0.023
HNC_KL_1_S_full_epoch23,0.4933246760368350,0.474977972984314,0.01834670305252070,0.040111247450113300,0.556,0.296,0.217,0.11,0.06,0.026
HNC_KL_1_S_full_epoch24,0.48698651838302600,0.4681907844543460,0.018795733928680400,0.0364261269569397,0.546,0.299,0.228,0.116,0.053,0.027
HNC_KL_1_S_full_epoch25,0.48006901812553400,0.4611177859306340,0.01895123219490050,0.03618837147951130,0.55,0.29,0.218,0.118,0.053,0.029
HNC_KL_1_S_full_epoch26,0.4691742830276490,0.4496650295257570,0.019509253501892100,0.050444088876247400,0.563,0.309,0.225,0.117,0.057,0.026
HNC_KL_1_S_full_epoch27,0.46105161809921300,0.4420970916748050,0.018954526424407900,0.042550165206193900,0.559,0.299,0.225,0.117,0.059,0.027
HNC_KL_1_S_full_epoch28,0.45865409302711500,0.43878079319000200,0.01987329983711240,0.04061885550618170,0.562,0.314,0.223,0.13,0.059,0.028
HNC_KL_1_S_full_epoch29,0.45672802710533100,0.43776420402526900,0.01896382308006290,0.04867570474743840,0.565,0.312,0.224,0.126,0.062,0.031
HNC_KL_1_S_full_epoch30,0.4548697612285610,0.4359212827682500,0.01894847846031190,0.04118472337722780,0.556,0.323,0.227,0.125,0.071,0.024
HNC_KL_1_S_full_epoch31,0.44975885105133100,0.43162558317184400,0.018133267879486100,0.04568228870630260,0.56,0.316,0.226,0.13,0.072,0.035
HNC_KL_1_S_full_epoch32,0.44596665382385300,0.4259278235435490,0.020038830280304000,0.03853866085410120,0.556,0.327,0.227,0.13,0.071,0.033
HNC_KL_1_S_full_epoch33,0.44185532569885300,0.42311030411720300,0.018745021581649800,0.039300013333559000,0.559,0.322,0.24,0.125,0.072,0.036
HNC_KL_1_S_full_epoch34,0.44150810813903800,0.42185761117935200,0.019650496959686200,0.04608992859721180,0.553,0.317,0.237,0.135,0.078,0.034
HNC_KL_1_S_full_epoch35,0.4346358506679540,0.4142834053039550,0.02035244536399840,0.05819467827677730,0.54,0.308,0.217,0.128,0.067,0.032
HNC_KL_1_S_full_epoch36,0.4336137764453890,0.41324331855773900,0.020370457887649500,0.048232704401016200,0.544,0.324,0.232,0.132,0.073,0.04
HNC_KL_1_S_full_epoch37,0.4289643211364750,0.4084688391685490,0.020495481967926,0.049000635743141200,0.549,0.324,0.233,0.136,0.08,0.042
HNC_KL_1_S_full_epoch38,0.43022177314758300,0.4101645424366000,0.02005723071098330,0.05354773625731470,0.555,0.326,0.239,0.135,0.075,0.036
HNC_KL_1_S_full_epoch39,0.42077747917175300,0.4015842342376710,0.019193244934082000,0.057065561413765000,0.559,0.335,0.247,0.146,0.084,0.044
HNC_KL_1_S_full_epoch40,0.42133232021331800,0.40158417415618900,0.01974814605712890,0.06488595902919770,0.552,0.324,0.245,0.143,0.079,0.039
HNC_KL_1_S_full_epoch41,0.4199778118133550,0.40028945088386500,0.019688360929489100,0.045264359563589100,0.554,0.327,0.241,0.143,0.077,0.041
HNC_KL_1_S_full_epoch42,0.4162079572677610,0.39649225664138800,0.01971570062637330,0.04585723206400870,0.553,0.331,0.238,0.137,0.078,0.042
HNC_KL_1_S_full_epoch43,0.41372602367401100,0.39384279918670700,0.019883224487304700,0.05713559687137600,0.545,0.328,0.241,0.148,0.074,0.036
HNC_KL_1_S_full_epoch44,0.41217597007751500,0.3928966181278230,0.01927935194969180,0.05092418193817140,0.56,0.327,0.247,0.15,0.083,0.043
HNC_KL_1_S_full_epoch45,0.40642739295959500,0.386867889881134,0.019559503078460700,0.05438052490353580,0.546,0.327,0.249,0.149,0.085,0.043
HNC_KL_1_S_full_epoch46,0.40970739364624000,0.39039695072174100,0.019310442924499500,0.061778102070093200,0.547,0.326,0.241,0.143,0.08,0.04
HNC_KL_1_S_full_epoch47,0.40761483669281000,0.38851226806640600,0.019102568626403800,0.050596412271261200,0.549,0.328,0.244,0.148,0.081,0.042
HNC_KL_1_S_full_epoch48,0.40672883653640700,0.3876495838165280,0.019079252719879100,0.05477067455649380,0.55,0.327,0.247,0.146,0.079,0.041
HNC_KL_1_S_full_epoch49,0.406872172832489,0.38782664203643800,0.019045530796051000,0.04846280440688130,0.549,0.325,0.246,0.147,0.082,0.043
HNC_KL_1_S_full_epoch50,0.4069393484592440,0.3878726243972780,0.019066724061966000,0.06025576964020730,0.548,0.328,0.246,0.148,0.082,0.043
HNC_L2_1_L_full_epoch1,0.775166259765625,0.768635986328125,0.0065302734375000100,0.014150197617709600,0.613,0.054,0.018,0.007,0.002,0.0
HNC_L2_1_L_full_epoch2,0.7717711791992190,0.7630517807006840,0.008719398498535200,0.026399876922369000,0.626,0.058,0.025,0.011,0.003,0.001
HNC_L2_1_L_full_epoch3,0.7572526293993000,0.7473897399902340,0.009862889409065210,0.009702485054731370,0.631,0.06,0.028,0.008,0.005,0.002
HNC_L2_1_L_full_epoch4,0.7523360824584960,0.7413851966857910,0.010950885772705100,0.009820735082030300,0.626,0.079,0.034,0.008,0.003,0.001
HNC_L2_1_L_full_epoch5,0.7466028213500980,0.7349025115966800,0.011700309753418000,-0.0007846478838473560,0.606,0.09,0.038,0.01,0.003,0.0
HNC_L2_1_L_full_epoch6,0.7397013549804690,0.7282166137695310,0.011484741210937500,0.02175675518810750,0.614,0.091,0.043,0.014,0.005,0.002
HNC_L2_1_L_full_epoch7,0.7345681915283200,0.7226268539428710,0.011941337585449200,0.013132346794009200,0.611,0.099,0.047,0.02,0.006,0.001
HNC_L2_1_L_full_epoch8,0.7311767807006840,0.7188148727416990,0.012361907958984400,0.013320758938789400,0.613,0.106,0.05,0.015,0.005,0.001
HNC_L2_1_L_full_epoch9,0.7276338043212890,0.7153522033691410,0.012281600952148500,0.02066175453364850,0.612,0.109,0.052,0.017,0.007,0.003
HNC_L2_1_L_full_epoch10,0.7272232055664060,0.7147891998291020,0.012434005737304700,0.010358700528740900,0.608,0.111,0.055,0.016,0.006,0.003
HNC_L2_1_S_full_epoch1,0.6625915603637700,0.6507771644592290,0.01181439590454100,0.020434284582734100,0.638,0.125,0.045,0.016,0.004,0.001
HNC_L2_1_S_full_epoch2,0.667844482421875,0.6545997772216800,0.013244705200195300,0.013281138613820100,0.645,0.135,0.064,0.018,0.006,0.001
HNC_L2_1_S_full_epoch3,0.6632180480957030,0.6481518249511720,0.015066223144531300,0.014536278322339100,0.635,0.165,0.075,0.021,0.005,0.002
HNC_L2_1_S_full_epoch4,0.654344482421875,0.638386978149414,0.01595750427246100,0.017049450427293800,0.63,0.17,0.093,0.028,0.01,0.003
HNC_L2_1_S_full_epoch5,0.6566989326477050,0.6409119453430180,0.015786987304687500,0.03226727619767190,0.632,0.164,0.089,0.026,0.01,0.004
HNC_L2_1_S_full_epoch6,0.6342611923217770,0.6172535610198980,0.017007631301879900,0.032573871314525600,0.626,0.199,0.115,0.045,0.014,0.007
HNC_L2_1_S_full_epoch7,0.6232607269287110,0.603588604927063,0.019672122001647900,0.02193804271519180,0.619,0.237,0.133,0.058,0.02,0.006
HNC_L2_1_S_full_epoch8,0.6111996760368350,0.5911602115631100,0.02003946447372430,0.028961308300495100,0.626,0.247,0.149,0.061,0.027,0.01
HNC_L2_1_S_full_epoch9,0.6178075790405270,0.5962196807861330,0.021587898254394400,0.021839825436472900,0.63,0.244,0.151,0.065,0.025,0.01
HNC_L2_1_S_full_epoch10,0.6048084106445310,0.5813815557956700,0.023426854848861800,0.022382833063602400,0.615,0.248,0.169,0.075,0.035,0.02
HNC_L2_1_S_full_epoch11,0.5984738960266110,0.5753915033340450,0.023082392692565800,0.03274042531847950,0.598,0.265,0.175,0.075,0.035,0.013
HNC_L2_1_S_full_epoch12,0.6066587316989900,0.5815565605163570,0.02510217118263250,0.02770458534359930,0.614,0.249,0.172,0.072,0.027,0.015
HNC_L2_1_S_full_epoch13,0.5861312847137450,0.5609798583984370,0.025151426315307600,0.027895323932170900,0.611,0.258,0.179,0.081,0.037,0.022
HNC_L2_1_S_full_epoch14,0.594276927947998,0.5677722091674810,0.026504718780517500,0.023377759382128700,0.601,0.285,0.19,0.088,0.044,0.014
HNC_L2_1_S_full_epoch15,0.5744849615097050,0.5457023410797120,0.02878262042999270,0.02442598156630990,0.602,0.295,0.19,0.105,0.049,0.018
HNC_L2_1_S_full_epoch16,0.5809889831542970,0.5547763113975530,0.026212671756744500,0.049340493977069900,0.618,0.286,0.192,0.091,0.036,0.016
HNC_L2_1_S_full_epoch17,0.5704650793075560,0.5436508941650390,0.0268141851425171,0.03871769830584530,0.602,0.29,0.213,0.102,0.052,0.023
HNC_L2_1_S_full_epoch18,0.5580007247924800,0.5284120349884030,0.02958868980407710,0.03335903584957120,0.589,0.293,0.209,0.106,0.054,0.016
HNC_L2_1_S_full_epoch19,0.545537857055664,0.514649278640747,0.03088857841491700,0.03543681278824810,0.599,0.319,0.217,0.11,0.053,0.022
HNC_L2_1_S_full_epoch20,0.5414894008636480,0.5097795486450200,0.03170985221862800,0.04056062176823620,0.602,0.321,0.224,0.125,0.061,0.029
HNC_L2_1_S_full_epoch21,0.5405945634841920,0.511240963935852,0.029353599548339800,0.04430527612566950,0.602,0.327,0.228,0.108,0.06,0.034
HNC_L2_1_S_full_epoch22,0.5322849578857420,0.49994894790649400,0.032336009979248000,0.03261996805667880,0.603,0.33,0.229,0.117,0.057,0.034
HNC_L2_1_S_full_epoch23,0.5368598804473880,0.5043307347297670,0.03252914571762090,0.041317034512758300,0.624,0.331,0.22,0.113,0.058,0.027
HNC_L2_1_S_full_epoch24,0.5305532608032230,0.5026549935340880,0.02789826726913450,0.02924215793609620,0.612,0.327,0.224,0.113,0.06,0.024
HNC_L2_1_S_full_epoch25,0.5278043856024740,0.49853890800476100,0.029265477597713500,0.031005695462226900,0.615,0.325,0.238,0.12,0.06,0.031
HNC_L2_1_S_full_epoch26,0.515722135066986,0.4895310382843020,0.026191096782684300,0.03766502067446710,0.586,0.314,0.229,0.115,0.053,0.029
HNC_L2_1_S_full_epoch27,0.5108242087364200,0.4796514582633970,0.031172750473022400,0.030216189101338400,0.593,0.332,0.248,0.135,0.07,0.028
HNC_L2_1_S_full_epoch28,0.5107724215984350,0.47718774127960200,0.03358468031883240,0.04210899397730830,0.61,0.343,0.252,0.136,0.073,0.038
HNC_L2_1_S_full_epoch29,0.5007203297615050,0.4666690797805790,0.03405124998092660,0.03556143119931220,0.601,0.336,0.258,0.137,0.084,0.033
HNC_L2_1_S_full_epoch30,0.49102425956726100,0.45638840675354000,0.034635852813720700,0.03330100700259210,0.609,0.348,0.258,0.15,0.073,0.036
HNC_L2_1_S_full_epoch31,0.46132880020141600,0.4276384801864620,0.033690320014953600,0.025903139263391500,0.573,0.344,0.267,0.158,0.083,0.044
HNC_L2_1_S_full_epoch32,0.44032427978515600,0.40694671154022200,0.0333775682449341,0.010145875625312300,0.577,0.346,0.266,0.157,0.09,0.045
HNC_L2_1_S_full_epoch33,0.425921893119812,0.39075073003768900,0.03517116308212280,0.013700895011425000,0.555,0.336,0.255,0.159,0.101,0.052
HNC_L2_1_S_full_epoch34,0.4040782771110540,0.3645272772908210,0.03955099982023240,0.005677788984030490,0.56,0.361,0.288,0.18,0.112,0.054
HNC_L2_1_S_full_epoch35,0.37105569696426400,0.33177622801065400,0.03927946895360950,-0.0048520686104893700,0.555,0.362,0.297,0.194,0.115,0.062
HNC_L2_1_S_full_epoch36,0.3492586877346040,0.3068138825893400,0.042444805145263700,-0.015055847354233300,0.552,0.36,0.299,0.211,0.137,0.08
HNC_L2_1_S_full_epoch37,0.30403413558006300,0.26194727450609200,0.042086861073970800,-0.028819890692830100,0.513,0.343,0.287,0.209,0.139,0.081
HNC_L2_1_S_full_epoch38,0.30488724493980400,0.267638964176178,0.037248280763626100,-0.024427954107523000,0.511,0.339,0.291,0.191,0.129,0.082
HNC_L2_1_S_full_epoch39,0.2774120641946790,0.23910053527355200,0.03831152892112740,-0.031228110194206200,0.497,0.329,0.28,0.197,0.13,0.09
HNC_L2_1_S_full_epoch40,0.2659526963233950,0.2215019268989560,0.04445076942443850,-0.035598255693912500,0.485,0.319,0.264,0.175,0.118,0.077
HNC_L2_1_S_full_epoch41,0.2692139859199520,0.23140798228979100,0.03780600363016130,-0.0412076860666275,0.456,0.276,0.224,0.142,0.102,0.071
HNC_L2_1_S_full_epoch42,0.2559852766990660,0.20927747678756700,0.04670779991149900,-0.0466262549161911,0.474,0.301,0.243,0.172,0.123,0.091
HNC_L2_1_S_full_epoch43,0.2377482228279110,0.2017678761482240,0.0359803466796875,-0.05299602821469310,0.449,0.277,0.213,0.147,0.103,0.066
HNC_L2_1_S_full_epoch44,0.23917429387569400,0.19558265113830600,0.04359164273738860,-0.05025719851255420,0.469,0.298,0.242,0.154,0.116,0.086
HNC_L2_1_S_full_epoch45,0.21009141254425000,0.16997126483917200,0.04012014770507810,-0.05479848012328150,0.448,0.272,0.21,0.14,0.101,0.071
HNC_L2_1_S_full_epoch46,0.20384609317779500,0.16238473820686300,0.04146135497093200,-0.07342153787612920,0.448,0.253,0.193,0.13,0.094,0.077
HNC_L2_1_S_full_epoch47,0.19713187503814700,0.15521842217445400,0.041913452863693200,-0.059597499668598200,0.44,0.265,0.204,0.132,0.087,0.071
HNC_L2_1_S_full_epoch48,0.19969929230213200,0.15987694478035000,0.03982234752178190,-0.06679287552833560,0.45,0.265,0.217,0.139,0.108,0.08
HNC_L2_1_S_full_epoch49,0.18149261212348900,0.1433210054039960,0.03817160671949390,-0.06618298590183260,0.436,0.246,0.192,0.118,0.08,0.061
HNC_L2_1_S_full_epoch50,0.17405473709106400,0.133568687915802,0.04048604917526240,-0.07659026980400090,0.424,0.255,0.189,0.121,0.085,0.06
HNC_L2_1_S_full_epoch51,0.17155974149704000,0.13269283723831200,0.03886690425872800,-0.07773822546005250,0.44,0.241,0.185,0.113,0.08,0.05
HNC_L2_1_S_full_epoch52,0.17026876223087300,0.1295256319642070,0.04074313026666640,-0.08177459985017780,0.429,0.232,0.178,0.11,0.068,0.051
HNC_L2_1_S_full_epoch53,0.15308556747436500,0.11170120716095000,0.04138436031341550,-0.0780121386051178,0.413,0.23,0.17,0.105,0.066,0.047
HNC_L2_1_S_full_epoch54,0.14808627295494100,0.10797723960876500,0.04010903334617610,-0.07630051672458650,0.418,0.234,0.172,0.108,0.074,0.046
HNC_L2_1_S_full_epoch55,0.15500651860237100,0.11123835718631700,0.043768161416053800,-0.07668674737215040,0.424,0.227,0.169,0.111,0.078,0.05
HNC_L2_1_S_full_epoch56,0.15782518386840800,0.11627919149398800,0.04154599237442020,-0.07468631118536000,0.429,0.233,0.17,0.109,0.069,0.044
HNC_L2_1_S_full_epoch57,0.12906021404266400,0.08555113482475280,0.043509079217910800,-0.08114682137966160,0.428,0.225,0.17,0.093,0.056,0.036
HNC_L2_1_S_full_epoch58,0.1341080773472790,0.08862865543365480,0.04547942191362380,-0.08625619113445280,0.418,0.223,0.151,0.098,0.066,0.045
HNC_L2_1_S_full_epoch59,0.12982982349395800,0.09242277479171750,0.03740704870224,-0.0897078737616539,0.433,0.222,0.161,0.099,0.071,0.045
HNC_L2_1_S_full_epoch60,0.1372691322565080,0.09144105434417730,0.045828077912330600,-0.08894084393978120,0.413,0.218,0.158,0.097,0.064,0.044
HNC_L2_1_S_full_epoch61,0.13106616497039800,0.09029347038269040,0.040772694587707500,-0.07558121532201770,0.408,0.207,0.153,0.087,0.057,0.04
HNC_L2_1_S_full_epoch62,0.09907111048698430,0.05779615497589110,0.041274955511093100,-0.09252358973026280,0.412,0.199,0.148,0.085,0.048,0.033
HNC_L2_1_S_full_epoch63,0.12253383553028100,0.07807763504982000,0.04445620048046110,-0.07949791848659520,0.425,0.23,0.17,0.098,0.065,0.04
HNC_L2_1_S_full_epoch64,0.11704066991806000,0.07305291795730590,0.0439877519607544,-0.08813948184251790,0.429,0.229,0.163,0.095,0.066,0.041
HNC_L2_1_S_full_epoch65,0.11592320680618300,0.06877718329429630,0.0471460235118866,-0.09188017249107360,0.438,0.212,0.163,0.088,0.048,0.03
HNC_L2_1_S_full_epoch66,0.11511397123336800,0.06753743910789490,0.047576532125473000,-0.0898849219083786,0.42,0.212,0.143,0.089,0.057,0.039
HNC_L2_1_S_full_epoch67,0.09208742046356200,0.05056150197982790,0.04152591848373410,-0.0970296785235405,0.417,0.205,0.149,0.091,0.058,0.041
HNC_L2_1_S_full_epoch68,0.09597877550125120,0.04987323379516600,0.04610554170608520,-0.09827733784914020,0.44,0.224,0.165,0.096,0.062,0.035
HNC_L2_1_S_full_epoch69,0.08759782528877260,0.04713865840435030,0.0404591668844223,-0.09650666266679760,0.416,0.216,0.168,0.094,0.061,0.04
HNC_L2_1_S_full_epoch70,0.10041018342971800,0.05665339827537540,0.04375678515434260,-0.09402668476104740,0.426,0.213,0.156,0.093,0.054,0.036
HNC_L2_1_S_full_epoch71,0.0860524754524231,0.04391500759124760,0.042137467861175500,-0.09784591197967530,0.409,0.207,0.158,0.091,0.064,0.036
HNC_L2_1_S_full_epoch72,0.08154642653465270,0.04111323356628420,0.04043319296836850,-0.09837750345468520,0.422,0.206,0.152,0.087,0.058,0.037
HNC_L2_1_S_full_epoch73,0.09079629421234130,0.046808630168438000,0.043987664043903400,-0.09070026874542240,0.419,0.2,0.151,0.086,0.067,0.04
HNC_L2_1_S_full_epoch74,0.0741755084991455,0.03166815853118900,0.04250734996795650,-0.10186448693275500,0.421,0.206,0.159,0.093,0.061,0.042
HNC_L2_1_S_full_epoch75,0.08059901094436650,0.038526689767837500,0.04207232117652890,-0.09468886256217960,0.409,0.201,0.152,0.086,0.059,0.034
HNC_L2_1_S_full_epoch76,0.08419955682754520,0.041694316864013700,0.04250523996353150,-0.09867005050182340,0.426,0.205,0.156,0.096,0.068,0.041
HNC_L2_1_S_full_epoch77,0.07084037446975710,0.03147912222146990,0.039361252248287200,-0.09639780968427660,0.411,0.193,0.148,0.081,0.055,0.032
HNC_L2_1_S_full_epoch78,0.07853366208076480,0.03537892198562620,0.043154740095138600,-0.09622504562139510,0.415,0.195,0.144,0.086,0.056,0.033
HNC_L2_1_S_full_epoch79,0.06799703407287600,0.026781728744506800,0.041215305328369100,-0.10035545378923400,0.422,0.199,0.149,0.087,0.061,0.04
HNC_L2_1_S_full_epoch80,0.07087647676467900,0.029266157388687100,0.04161031937599180,-0.0967041403055191,0.421,0.202,0.151,0.094,0.067,0.04
HNC_L2_1_S_full_epoch81,0.07438512420654300,0.02971550464630130,0.04466961956024170,-0.10207018256187400,0.422,0.2,0.158,0.094,0.065,0.034
HNC_L2_1_S_full_epoch82,0.0702266411781311,0.02650593090057370,0.04372071027755740,-0.09701041132211690,0.42,0.192,0.142,0.086,0.059,0.036
HNC_L2_1_S_full_epoch83,0.06572506141662600,0.025030099391937300,0.04069496202468870,-0.1021600142121320,0.414,0.196,0.144,0.081,0.063,0.045
HNC_L2_1_S_full_epoch84,0.0706327600479126,0.027161779403686500,0.04347098064422610,-0.09721338748931890,0.419,0.196,0.144,0.086,0.062,0.038
HNC_L2_1_S_full_epoch85,0.06551639556884770,0.023522437572479200,0.0419939579963684,-0.10057337582111400,0.418,0.194,0.151,0.09,0.066,0.044
HNC_L2_1_S_full_epoch86,0.05742252731323240,0.01682816016674040,0.040594367146492000,-0.10328282415866900,0.421,0.194,0.148,0.093,0.067,0.04
HNC_L2_1_S_full_epoch87,0.06072195625305180,0.018273611068725600,0.04244834518432620,-0.10636971145868300,0.417,0.187,0.146,0.092,0.066,0.037
HNC_L2_1_S_full_epoch88,0.06206130313873290,0.019546067237854000,0.04251523590087890,-0.10455957055091900,0.418,0.192,0.148,0.096,0.066,0.039
HNC_L2_1_S_full_epoch89,0.05655115365982060,0.014819310188293500,0.0417318434715271,-0.09906192868947980,0.419,0.187,0.144,0.092,0.064,0.039
HNC_L2_1_S_full_epoch90,0.05671910858154300,0.015275753974914600,0.041443354606628400,-0.1021515503525730,0.423,0.192,0.143,0.093,0.066,0.039
HNC_L2_1_S_full_epoch91,0.05563664388656620,0.014414238929748500,0.04122240495681760,-0.1073325127363210,0.42,0.188,0.143,0.092,0.068,0.041
HNC_L2_1_S_full_epoch92,0.05107322883605960,0.010800089299678800,0.040273139536380800,-0.10337197780609100,0.42,0.191,0.145,0.093,0.066,0.043
HNC_L2_1_S_full_epoch93,0.05404088544845580,0.013360542297363300,0.04068034315109250,-0.1039925292134290,0.42,0.187,0.147,0.093,0.068,0.047
HNC_L2_1_S_full_epoch94,0.05239567375183110,0.012058246612548800,0.04033742713928220,-0.10657582432031600,0.418,0.187,0.146,0.093,0.067,0.043
HNC_L2_1_S_full_epoch95,0.049791699886322000,0.009859418869018560,0.03993228101730350,-0.10949570685625100,0.421,0.187,0.145,0.088,0.065,0.043
HNC_L2_1_S_full_epoch96,0.05061831665039060,0.010362669944763200,0.040255646705627400,-0.10765162110328700,0.42,0.184,0.143,0.09,0.063,0.041
HNC_L2_1_S_full_epoch97,0.04993394470214840,0.009917454719543460,0.04001648998260500,-0.10596619546413400,0.422,0.186,0.147,0.091,0.065,0.045
HNC_L2_1_S_full_epoch98,0.04944525909423830,0.009530417561531070,0.03991484153270720,-0.10411284118890800,0.421,0.184,0.145,0.088,0.063,0.043
HNC_L2_1_S_full_epoch99,0.049408159255981400,0.009418423175811770,0.039989736080169700,-0.10418225079774900,0.422,0.186,0.146,0.088,0.063,0.043
HNC_L2_1_S_full_epoch100,0.04941728401184080,0.00939852476119995,0.04001875925064090,-0.11003704369068100,0.419,0.184,0.143,0.086,0.061,0.04
HNC_L2_1_S_last_epoch1,0.5157996826171870,0.5024912109375,0.013308471679687400,0.002674554707482460,0.654,0.154,0.056,0.012,0.003,0.002
HNC_L2_1_S_last_epoch2,0.5650121459960940,0.5532943420410160,0.011717803955078200,0.018446916714310600,0.636,0.129,0.051,0.011,0.003,0.001
HNC_L2_1_S_last_epoch3,0.5827530517578120,0.5719385375976560,0.010814514160156200,0.025937167927622800,0.618,0.127,0.051,0.011,0.004,0.0
HNC_L2_1_S_last_epoch4,0.5906863403320310,0.5799092712402340,0.010777069091796900,0.032814815640449500,0.629,0.122,0.047,0.01,0.004,0.0
HNC_L2_1_S_last_epoch5,0.5970462951660160,0.5864479064941410,0.010598388671875000,0.027941711246967300,0.634,0.117,0.045,0.01,0.004,0.0
HNC_L2_1_S_last_epoch6,0.6010258483886720,0.5907002258300780,0.010325622558593800,0.02664789743721490,0.638,0.11,0.04,0.008,0.004,0.001
HNC_L2_1_S_last_epoch7,0.6016575622558590,0.5913646850585940,0.010292877197265700,0.03586180508136750,0.639,0.108,0.042,0.009,0.005,0.001
HNC_L2_1_S_last_epoch8,0.6019168395996090,0.5915568008422850,0.010360038757324300,0.041344739496707900,0.646,0.109,0.04,0.008,0.005,0.001
HNC_L2_1_S_last_epoch9,0.6022119140625,0.5917239723205570,0.01048794174194330,0.0395696647465229,0.642,0.113,0.04,0.007,0.003,0.0
HNC_L2_1_S_last_epoch10,0.6012902984619140,0.5907566184997560,0.010533679962158100,0.044358205050230000,0.641,0.109,0.039,0.008,0.002,0.0
HNC_L2_1_S_last_epoch11,0.5997664051055910,0.5890413055419920,0.010725099563598700,0.04172426462173460,0.64,0.11,0.038,0.009,0.002,0.0
HNC_L2_1_S_last_epoch12,0.5987047729492190,0.5877982025146480,0.010906570434570300,0.053655657917261100,0.643,0.108,0.038,0.009,0.002,0.0
HNC_L2_1_S_last_epoch13,0.5967701606750490,0.5859260559082030,0.010844104766845700,0.04391246289014820,0.64,0.115,0.036,0.01,0.002,0.0
HNC_L2_1_S_last_epoch14,0.5968851089477540,0.5860652618408200,0.010819847106933600,0.05057702586054800,0.643,0.115,0.038,0.009,0.002,0.0
HNC_L2_1_S_last_epoch15,0.5951695551872250,0.5841863098144530,0.010983245372772300,0.04519648104906080,0.641,0.117,0.039,0.01,0.002,0.0
HNC_L2_1_S_last_epoch16,0.5944394760131840,0.583588623046875,0.01085085296630860,0.04290467128157620,0.636,0.117,0.039,0.009,0.002,0.0
HNC_L2_1_S_last_epoch17,0.5931653137207030,0.5823731384277340,0.01079217529296870,0.04707727208733560,0.642,0.118,0.036,0.009,0.003,0.0
HNC_L2_1_S_last_epoch18,0.5926190338134770,0.5816186828613280,0.011000350952148500,0.06301017105579380,0.644,0.119,0.038,0.009,0.002,0.0
HNC_L2_1_S_last_epoch19,0.5912856578826900,0.5802759094238280,0.011009748458862300,0.05337505787611010,0.642,0.118,0.039,0.009,0.003,0.0
HNC_L2_1_S_last_epoch20,0.5885926513671880,0.5775971984863280,0.010995452880859300,0.05355966091156010,0.638,0.119,0.038,0.008,0.003,0.0
HNC_L2_1_S_last_epoch21,0.587427592754364,0.5763322143554690,0.011095378398895200,0.055533796548843400,0.64,0.119,0.041,0.009,0.003,0.0
HNC_L2_10_S_full_epoch5,-0.12517576599121100,-0.13273613715171800,0.007560371160507200,-0.46859419345855700,0.448,0.238,0.179,0.09,0.043,0.02
HNC_L2_10_S_full_epoch10,-0.16566196113824800,-0.17617192405462300,0.01050996291637420,-0.47716596722602800,0.461,0.305,0.232,0.132,0.077,0.04
HNC_L2_D1_50_S_full_epoch1,0.05096818542480470,0.04377254456281660,0.007195640861988070,-0.3521248996257780,0.521,0.274,0.202,0.105,0.064,0.039
HNC_L2_D1_50_S_full_epoch2,-0.07925132727622990,-0.086836001932621,0.007584674656391150,-0.43699297308921800,0.442,0.246,0.179,0.088,0.04,0.021
HNC_L2_D1_50_S_full_epoch3,-0.1210141618847850,-0.12911868047714200,0.00810451859235764,-0.469545841217041,0.445,0.232,0.164,0.068,0.038,0.021
HNC_L2_D1_50_S_full_epoch4,-0.12005304610729200,-0.12884409320354500,0.008791047096252450,-0.4501643180847170,0.441,0.242,0.179,0.084,0.041,0.023
Standard_S_full_epoch1,0.6653507881164550,0.6539470748901370,0.01140371322631840,0.02981632947921750,0.636,0.121,0.045,0.017,0.005,0.001
Standard_S_full_epoch2,0.6673803558349610,0.6546392822265630,0.012741073608398400,0.012362505309283700,0.631,0.13,0.065,0.015,0.004,0.001
Standard_S_full_epoch3,0.661921688079834,0.6475044555664060,0.014417232513427700,0.012653808109462300,0.629,0.153,0.07,0.019,0.005,0.001
Standard_S_full_epoch4,0.6548203430175780,0.6403406677246090,0.014479675292968700,0.03336720913648610,0.621,0.158,0.082,0.026,0.009,0.004
Standard_S_full_epoch5,0.6565686683654790,0.6421070556640630,0.014461612701416100,0.02438674122095110,0.627,0.16,0.089,0.027,0.008,0.003
Standard_S_full_epoch6,0.6373929748535160,0.6230710163116460,0.014321958541870100,0.027965988963842400,0.607,0.18,0.1,0.035,0.011,0.004
Standard_S_full_epoch7,0.6254306335449220,0.6083560781478880,0.01707455539703370,0.027527766302228000,0.598,0.21,0.127,0.048,0.016,0.007
Standard_S_full_epoch8,0.6190308151245120,0.601526424407959,0.017504390716552700,0.03285863250494000,0.606,0.225,0.135,0.047,0.014,0.009
Standard_S_full_epoch9,0.6258940048217770,0.6079398903846740,0.017954114437103300,0.02961905300617220,0.611,0.215,0.141,0.047,0.024,0.01
Standard_S_full_epoch10,0.6108694095611570,0.5927948265075680,0.01807458305358890,0.03529044985771180,0.586,0.234,0.154,0.056,0.032,0.009
Standard_S_full_epoch11,0.6072144222259520,0.5892048411369320,0.018009581089019700,0.0286916084587574,0.594,0.228,0.15,0.06,0.027,0.012
Standard_S_full_epoch12,0.6047092361450200,0.5850754470825200,0.019633789062499900,0.026760846376419100,0.603,0.232,0.159,0.068,0.031,0.011
Standard_S_full_epoch13,0.5975086784362790,0.5791781501770020,0.01833052825927740,0.04064539447426800,0.585,0.233,0.154,0.067,0.029,0.012
Standard_S_full_epoch14,0.595354341506958,0.578257583618164,0.017096757888793900,0.03490626439452170,0.592,0.239,0.153,0.068,0.033,0.013
Standard_S_full_epoch15,0.5903268127441410,0.5723427681922910,0.017984044551849400,0.03349580988287930,0.586,0.238,0.152,0.07,0.038,0.016
Standard_S_full_epoch16,0.5885121245384220,0.5707934074401860,0.017718717098236000,0.04153168573975560,0.585,0.233,0.153,0.07,0.033,0.016
Standard_S_full_epoch17,0.5866139430999760,0.5682472190856930,0.0183667240142823,0.030963892117142700,0.581,0.239,0.152,0.065,0.032,0.013
Standard_S_full_epoch18,0.5853995819091800,0.567198832988739,0.018200748920440800,0.03144696354866030,0.581,0.244,0.152,0.069,0.034,0.015
Standard_S_full_epoch19,0.5843526110649110,0.5661021223664280,0.018250488698482400,0.03907184302806850,0.582,0.244,0.151,0.071,0.034,0.013
Standard_S_full_epoch20,0.5839859558343890,0.565692551612854,0.018293404221534700,0.0313737653195858,0.581,0.242,0.151,0.072,0.033,0.014
HNC_L2_1_S_text_epoch1,0.38927737426757800,0.3821222190856930,0.007155155181884750,0.015997570008039500,0.669,0.108,0.04,0.009,0.003,0.001
HNC_L2_1_S_text_epoch2,0.3766885986328130,0.36931075286865200,0.007377845764160170,0.011858385987579800,0.659,0.137,0.062,0.017,0.004,0.002
HNC_L2_1_S_text_epoch3,0.3790037956237790,0.3712760238647460,0.007727771759033160,0.021280992776155500,0.64,0.158,0.084,0.024,0.006,0.003
HNC_L2_1_S_text_epoch4,0.3730428466796880,0.3633854880332950,0.009657358646392830,0.012922394089400800,0.644,0.183,0.101,0.035,0.012,0.006
HNC_L2_1_S_text_epoch5,0.35969077301025400,0.347858434677124,0.01183233833312990,0.005011357367038730,0.644,0.225,0.14,0.052,0.022,0.011
HNC_L2_1_S_text_epoch6,0.3513829641342160,0.3370309138298040,0.014352050304412800,0.004916885402053600,0.648,0.237,0.157,0.074,0.036,0.016
HNC_L2_1_S_text_epoch7,0.34776068830490100,0.3306063632965090,0.017154325008392400,0.004804624244570730,0.64,0.275,0.162,0.075,0.042,0.021
HNC_L2_1_S_text_epoch8,0.3084029908180240,0.28656505393981900,0.021837936878204300,-0.019562024623155600,0.617,0.294,0.201,0.101,0.052,0.03
HNC_L2_1_S_text_epoch9,0.29803679990768400,0.27081354808807400,0.027223251819610600,-0.035072725266218200,0.589,0.293,0.208,0.107,0.053,0.031
HNC_L2_1_S_text_epoch10,0.2657779760360720,0.232013783454895,0.03376419258117680,-0.062341365963220600,0.549,0.298,0.213,0.118,0.072,0.036
HNC_L2_1_S_text_epoch11,0.24148533111810700,0.20031351828575100,0.04117181283235550,-0.07879028469324110,0.546,0.318,0.229,0.145,0.088,0.044
HNC_L2_1_S_text_epoch12,0.21702486777305600,0.17428450226783800,0.04274036550521850,-0.09727352857589720,0.515,0.297,0.216,0.134,0.085,0.05
HNC_L2_1_S_text_epoch13,0.16710946559906000,0.11449135249853100,0.05261811310052870,-0.13118195533752400,0.467,0.282,0.213,0.12,0.079,0.044
HNC_L2_1_S_text_epoch14,0.1543505630493160,0.09708215427398680,0.057268408775329600,-0.14322204887867000,0.459,0.271,0.195,0.124,0.073,0.052
HNC_L2_1_S_text_epoch15,0.11964956617355300,0.05509567320346830,0.06455389297008510,-0.1712803691625600,0.454,0.268,0.198,0.117,0.072,0.047
HNC_L2_1_S_text_epoch16,0.1048151454925540,0.04346573448181150,0.061349411010742200,-0.18685851991176600,0.446,0.262,0.199,0.119,0.073,0.044
HNC_L2_1_S_text_epoch17,0.09175942057371140,0.03332170057296750,0.05843772000074390,-0.18958674371242500,0.447,0.265,0.201,0.121,0.08,0.036
HNC_L2_1_S_text_epoch18,0.03467845344543460,-0.03407963562011720,0.06875808906555180,-0.22828586399555200,0.436,0.271,0.22,0.143,0.087,0.047
HNC_L2_1_S_text_epoch19,0.024447503089904800,-0.045027705192565900,0.0694752082824707,-0.23576495051384000,0.429,0.258,0.199,0.136,0.078,0.048
HNC_L2_1_S_text_epoch20,-0.06188098239898680,-0.12938930892944300,0.06750832653045660,-0.2995385527610780,0.42,0.241,0.201,0.134,0.091,0.051
HNC_L2_1_S_text_epoch21,-0.03913776540756230,-0.10647078227996800,0.067333016872406,-0.29063472151756300,0.423,0.238,0.187,0.121,0.082,0.049
HNC_L2_1_S_text_epoch22,-0.08327180957794190,-0.13893982601165800,0.05566801643371580,-0.3182198703289030,0.417,0.239,0.193,0.115,0.071,0.042
HNC_L2_1_S_text_epoch23,-0.0529113998413086,-0.10718314689397800,0.054271747052669500,-0.2978591322898870,0.419,0.24,0.188,0.117,0.073,0.048
HNC_L2_1_S_text_epoch24,-0.08402314376831060,-0.14663710165023800,0.0626139578819275,-0.3125304579734800,0.39,0.198,0.158,0.088,0.057,0.032
HNC_L2_1_S_text_epoch25,-0.09064242124557500,-0.15465507411956800,0.06401265287399290,-0.31929147243499800,0.4,0.226,0.175,0.121,0.077,0.044
HNC_L2_1_S_text_epoch26,-0.11406227946281400,-0.18049065971374500,0.06642838025093080,-0.33554935455322300,0.397,0.199,0.148,0.095,0.057,0.034
HNC_L2_1_S_text_epoch27,-0.11109661078453100,-0.17763024711608900,0.06653363633155830,-0.3363078236579900,0.404,0.198,0.156,0.097,0.061,0.031
HNC_L2_1_S_text_epoch28,-0.12273533725738500,-0.18862634325027500,0.06589100599288940,-0.3400563597679140,0.408,0.21,0.175,0.117,0.078,0.053
HNC_L2_1_S_text_epoch29,-0.07223971748352050,-0.13259549605846400,0.060355778574943500,-0.3058682382106780,0.403,0.212,0.17,0.123,0.089,0.063
HNC_L2_1_S_text_epoch30,-0.2080234169960020,-0.2656611081957820,0.05763769119977950,-0.3997821807861330,0.387,0.169,0.127,0.085,0.057,0.037
HNC_L2_1_S_text_epoch31,-0.10048564910888700,-0.15815901947021500,0.057673370361328100,-0.32592350244522100,0.387,0.213,0.167,0.113,0.071,0.043
HNC_L2_1_S_text_epoch32,-0.1523992087841030,-0.21284482097625700,0.060445612192153900,-0.3614713251590730,0.388,0.182,0.143,0.093,0.057,0.034
HNC_L2_1_S_text_epoch33,-0.18587755537033100,-0.2552255401611330,0.06934798479080200,-0.38544028997421300,0.382,0.166,0.13,0.074,0.049,0.026
HNC_L2_1_S_text_epoch34,-0.16292059135437000,-0.23321749687194800,0.07029690551757810,-0.3619120121002200,0.382,0.185,0.138,0.086,0.056,0.03
HNC_L2_1_S_text_epoch35,-0.16647715187072800,-0.22561784553527800,0.0591406936645508,-0.3681899905204770,0.391,0.177,0.135,0.076,0.047,0.034
HNC_L2_1_S_text_epoch36,-0.19886957740783700,-0.2599894218444820,0.061119844436645500,-0.3871370255947110,0.386,0.171,0.12,0.071,0.044,0.029
HNC_L2_1_S_text_epoch37,-0.23046785640716600,-0.28734502506256100,0.05687716865539550,-0.41660335659980800,0.396,0.172,0.135,0.081,0.059,0.033
HNC_L2_1_S_text_epoch38,-0.1899982318878170,-0.24811308360099800,0.05811485171318050,-0.3808545172214510,0.424,0.192,0.135,0.082,0.052,0.031
HNC_L2_1_S_text_epoch39,-0.21322630870342300,-0.26996223068237300,0.056735921978950500,-0.3941383361816410,0.394,0.162,0.114,0.073,0.043,0.027
HNC_L2_1_S_text_epoch40,-0.16971120738983200,-0.22724384880065900,0.057532641410827600,-0.36776435375213600,0.403,0.168,0.126,0.076,0.047,0.032
HNC_L2_1_S_text_epoch41,-0.3299670553207400,-0.37227143478393600,0.04230437946319580,-0.4771878719329830,0.386,0.133,0.106,0.059,0.034,0.019
HNC_L2_1_S_text_epoch42,-0.21410815620422400,-0.2666625792980190,0.052554423093795800,-0.39443618059158300,0.417,0.163,0.121,0.07,0.043,0.027
HNC_L2_1_S_text_epoch43,-0.2376629590988160,-0.2963010630607610,0.058638103961944600,-0.4099222421646120,0.422,0.182,0.13,0.08,0.052,0.032
HNC_L2_1_S_text_epoch44,-0.2812508003115650,-0.32726765632629400,0.04601685601472860,-0.44903072714805600,0.407,0.157,0.12,0.07,0.047,0.026
HNC_L2_1_S_text_epoch45,-0.3029130973815920,-0.35061260604858400,0.047699508666992200,-0.4634414613246920,0.393,0.145,0.105,0.067,0.042,0.028
HNC_L2_1_S_text_epoch46,-0.24496595859527600,-0.298760721206665,0.05379476261138920,-0.4147101044654850,0.405,0.156,0.115,0.074,0.044,0.022
HNC_L2_1_S_text_epoch47,-0.27783058166503900,-0.3259576396942140,0.04812705802917480,-0.43732157349586500,0.406,0.155,0.113,0.063,0.043,0.023
HNC_L2_1_S_text_epoch48,-0.2602235317230230,-0.3175446300506590,0.05732109832763670,-0.4334372282028200,0.4,0.155,0.105,0.057,0.038,0.02
HNC_L2_1_S_text_epoch49,-0.22930327987670900,-0.2827624816894530,0.053459201812744100,-0.409756600856781,0.388,0.15,0.107,0.07,0.052,0.033
HNC_L2_1_S_text_epoch50,-0.2558662118911740,-0.3092277479171750,0.053361536026001000,-0.4229757785797120,0.389,0.143,0.108,0.066,0.04,0.026
HNC_L2_1_S_text_epoch51,-0.28271592617034900,-0.3311824836730960,0.04846655750274660,-0.4401584267616270,0.415,0.151,0.114,0.068,0.046,0.035
HNC_L2_1_S_text_epoch52,-0.24589953231811500,-0.3094132876396180,0.06351375532150270,-0.41706138849258400,0.397,0.154,0.105,0.056,0.035,0.024
HNC_L2_1_S_text_epoch53,-0.30083566665649400,-0.34923321986198400,0.04839755320549010,-0.4587843418121340,0.409,0.142,0.107,0.063,0.041,0.028
HNC_L2_1_S_text_epoch54,-0.2146191177368160,-0.2731872406005860,0.0585681228637695,-0.3948630392551420,0.395,0.163,0.119,0.071,0.049,0.028
HNC_L2_1_S_text_epoch55,-0.26034233093261700,-0.3186669464111330,0.05832461547851560,-0.4286607801914220,0.404,0.151,0.115,0.083,0.051,0.031
HNC_L2_1_S_text_epoch56,-0.2974438891410830,-0.34999188232421900,0.052547993183136000,-0.45468616485595700,0.411,0.136,0.095,0.053,0.037,0.022
HNC_L2_1_S_text_epoch57,-0.2744458360672000,-0.32711113619804400,0.05266530013084410,-0.44086477160453800,0.402,0.148,0.105,0.071,0.047,0.036
HNC_L2_1_S_text_epoch58,-0.29474115562439000,-0.3458728857040410,0.05113173007965090,-0.4506233334541320,0.391,0.134,0.096,0.056,0.041,0.028
HNC_L2_1_S_text_epoch59,-0.3118598556518560,-0.35685592460632300,0.04499606895446780,-0.4652368426322940,0.411,0.135,0.092,0.064,0.04,0.027
HNC_L2_1_S_text_epoch60,-0.2614138354063030,-0.3096055316925050,0.04819169628620150,-0.4253048002719880,0.405,0.149,0.108,0.067,0.047,0.034
HNC_L2_1_S_text_epoch61,-0.30374557876586900,-0.3552253704071050,0.05147979164123530,-0.45728209614753700,0.403,0.127,0.095,0.053,0.033,0.022
HNC_L2_1_S_text_epoch62,-0.2736871290206910,-0.3224635467529300,0.048776417732238800,-0.4375649392604830,0.4,0.146,0.107,0.059,0.039,0.023
HNC_L2_1_S_text_epoch63,-0.2866219024658200,-0.3356810140609740,0.049059111595153800,-0.446480393409729,0.396,0.149,0.097,0.058,0.04,0.026
HNC_L2_1_S_text_epoch64,-0.2820175018310550,-0.3335423448085790,0.0515248429775238,-0.4436595141887670,0.398,0.141,0.103,0.061,0.04,0.026
HNC_L2_1_S_text_epoch65,-0.2671526918411260,-0.32517560958862300,0.05802291774749760,-0.43189072608947800,0.393,0.135,0.086,0.05,0.032,0.021
HNC_L2_1_S_text_epoch66,-0.2875607776641850,-0.33600798034668000,0.04844720268249510,-0.45249414443969700,0.402,0.142,0.103,0.057,0.04,0.026
HNC_L2_1_S_text_epoch67,-0.28593456745147700,-0.33734571528434800,0.051411147832870500,-0.4473606050014500,0.404,0.145,0.104,0.065,0.043,0.033
HNC_L2_1_S_text_epoch68,-0.2904951982498170,-0.3339595494270330,0.04346435117721560,-0.4461115896701810,0.41,0.159,0.118,0.078,0.051,0.033
HNC_L2_1_S_text_epoch69,-0.2965706179142000,-0.3418037004470830,0.04523308253288270,-0.45201605558395400,0.41,0.138,0.096,0.063,0.046,0.028
HNC_L2_1_S_text_epoch70,-0.2653424878120420,-0.3179957532286640,0.052653265416622200,-0.43237683176994300,0.396,0.143,0.103,0.061,0.039,0.028
HNC_L2_1_S_text_epoch71,-0.30833404159545900,-0.35898068428039600,0.05064664268493660,-0.4560677111148830,0.394,0.127,0.095,0.062,0.038,0.022
HNC_L2_1_S_text_epoch72,-0.3088874740600590,-0.3549295120239260,0.04604203796386720,-0.45682293176651,0.387,0.134,0.094,0.057,0.039,0.026
HNC_L2_1_S_text_epoch73,-0.30338927793502800,-0.3514388484954830,0.048049570560455300,-0.4589497148990630,0.397,0.139,0.095,0.062,0.044,0.025
HNC_L2_1_S_text_epoch74,-0.3144483299255370,-0.3572147598266600,0.04276642990112310,-0.4688716530799870,0.399,0.139,0.096,0.054,0.034,0.021
HNC_L2_1_S_text_epoch75,-0.3037903776168820,-0.3490275001525880,0.045237122535705600,-0.4596598148345950,0.404,0.143,0.099,0.067,0.04,0.025
HNC_L2_1_S_text_epoch76,-0.28973706245422400,-0.33480503368377700,0.045067971229553200,-0.44980570673942600,0.392,0.135,0.1,0.061,0.042,0.023
HNC_L2_1_S_text_epoch77,-0.3153601928949360,-0.36350443267822300,0.048144239783287000,-0.45921146869659400,0.398,0.133,0.097,0.059,0.041,0.026
HNC_L2_1_S_text_epoch78,-0.3081369450688360,-0.3546050775051120,0.04646813243627550,-0.4610683023929600,0.391,0.133,0.091,0.055,0.037,0.023
HNC_L2_1_S_text_epoch79,-0.3201812105178830,-0.3633183479309080,0.04313713741302490,-0.46720799803733800,0.401,0.141,0.104,0.065,0.041,0.026
HNC_L2_1_S_text_epoch80,-0.29804747772216800,-0.34608304595947300,0.048035568237304700,-0.4551343321800230,0.392,0.134,0.094,0.055,0.031,0.022
HNC_L2_1_S_text_epoch81,-0.30103369140625,-0.3454471457004550,0.04441345429420470,-0.4556753635406490,0.393,0.137,0.099,0.061,0.037,0.024
HNC_L2_1_S_text_epoch82,-0.32551046371460000,-0.36894935607910200,0.043438892364501900,-0.4724246561527250,0.394,0.129,0.096,0.054,0.037,0.021
HNC_L2_1_S_text_epoch83,-0.3300391807556150,-0.37234136199951200,0.04230218124389650,-0.4754680097103120,0.4,0.132,0.1,0.063,0.038,0.019
HNC_L2_1_S_text_epoch84,-0.3160427112579350,-0.36115526962280300,0.04511255836486820,-0.4652504026889800,0.391,0.133,0.096,0.059,0.039,0.02
HNC_L2_1_S_text_epoch85,-0.3133056926727300,-0.36103831577301000,0.04773262310028080,-0.46632325649261500,0.391,0.135,0.098,0.061,0.04,0.031
HNC_L2_1_S_text_epoch86,-0.32999754333496100,-0.37354241609573400,0.04354487276077270,-0.47936955094337500,0.402,0.137,0.101,0.059,0.042,0.029
HNC_L2_1_S_text_epoch87,-0.3153993682861330,-0.35919497680664100,0.043795608520507800,-0.46650639176368700,0.392,0.132,0.099,0.059,0.039,0.027
HNC_L2_1_S_text_epoch88,-0.3209746389389040,-0.3655306510925290,0.04455601215362550,-0.4710943102836610,0.397,0.135,0.098,0.061,0.035,0.021
HNC_L2_1_S_text_epoch89,-0.3270180477499960,-0.36995700669288600,0.042938958942890100,-0.4716547727584840,0.392,0.132,0.1,0.057,0.041,0.027
HNC_L2_1_S_text_epoch90,-0.3236051540374760,-0.36732077407836900,0.04371562004089360,-0.4720093905925750,0.389,0.128,0.095,0.053,0.037,0.024
HNC_L2_1_S_text_epoch91,-0.33278311729431200,-0.37720202159881600,0.0444189043045044,-0.47483518719673200,0.395,0.128,0.098,0.057,0.04,0.027
HNC_L2_1_S_text_epoch92,-0.3292393996715550,-0.37276725959777800,0.043527859926223800,-0.47546136379241900,0.394,0.13,0.098,0.057,0.039,0.024
HNC_L2_1_S_text_epoch93,-0.3289023327827450,-0.3720311393737790,0.04312880659103390,-0.4743809401988980,0.394,0.129,0.1,0.058,0.039,0.025
HNC_L2_1_S_text_epoch94,-0.32858866262435900,-0.3719685755968090,0.04337991297245030,-0.47488442063331600,0.392,0.124,0.099,0.054,0.037,0.025
HNC_L2_1_S_text_epoch95,-0.33518094682693500,-0.37778295707702600,0.04260201025009150,-0.47736382484436000,0.393,0.129,0.099,0.058,0.042,0.028
HNC_L2_1_S_text_epoch96,-0.3346269702911380,-0.37725209999084500,0.042625129699707100,-0.4751298725605010,0.395,0.129,0.098,0.059,0.042,0.029
HNC_L2_1_S_text_epoch97,-0.3349005160331730,-0.3774533920288090,0.04255287599563600,-0.48105037212371800,0.395,0.131,0.099,0.058,0.042,0.029
HNC_L2_1_S_text_epoch98,-0.334776406288147,-0.37734322643280000,0.042566820144653300,-0.4772760272026060,0.393,0.128,0.099,0.058,0.041,0.028
HNC_L2_1_S_text_epoch99,-0.3347184817790990,-0.37739804649353000,0.04267956471443170,-0.4798169732093810,0.392,0.129,0.097,0.057,0.04,0.027
HNC_L2_1_S_text_epoch100,-0.3349431037902830,-0.3775429229736330,0.042599819183349600,-0.4772913455963140,0.393,0.129,0.097,0.057,0.04,0.027
Standard_S_text_epoch1,0.38951768493652300,0.38226053619384800,0.007257148742675800,0.020146925002336500,0.669,0.111,0.04,0.01,0.003,0.001
Standard_S_text_epoch2,0.38148626708984400,0.3745130386352540,0.006973228454589810,0.012624500319361700,0.643,0.127,0.061,0.014,0.005,0.002
Standard_S_text_epoch3,0.3780092258453370,0.3705976104736330,0.0074116153717040900,0.019658079370856300,0.637,0.15,0.079,0.023,0.003,0.002
Standard_S_text_epoch4,0.3794054822921750,0.37094840240478500,0.00845707988739014,0.014405995607376100,0.63,0.161,0.09,0.027,0.005,0.001
Standard_S_text_epoch5,0.3711814880371090,0.36211688232421900,0.009064605712890640,0.020494118332862900,0.632,0.19,0.109,0.034,0.019,0.006
Standard_S_text_epoch6,0.3722392749786380,0.36248916244506800,0.009750112533569330,0.01573406718671320,0.641,0.201,0.109,0.037,0.013,0.004
Standard_S_text_epoch7,0.36535929489135700,0.3550263366699220,0.01033295822143550,0.02719402313232420,0.645,0.219,0.122,0.041,0.013,0.005
Standard_S_text_epoch8,0.35836292266845700,0.3472960796356200,0.011066843032836900,0.019736425951123200,0.647,0.229,0.13,0.046,0.022,0.007
Standard_S_text_epoch9,0.3564465560913090,0.3445046329498290,0.011941923141479500,0.016261054202914200,0.636,0.233,0.135,0.049,0.02,0.009
Standard_S_text_epoch10,0.3551954803466800,0.34336950302124000,0.01182597732543940,0.021466713398695000,0.634,0.244,0.131,0.055,0.021,0.012
Standard_S_text_epoch11,0.35283262634277300,0.34133960914611800,0.011493017196655300,0.01815642975270750,0.644,0.24,0.141,0.056,0.026,0.012
Standard_S_text_epoch12,0.35036873626709000,0.3381007175445560,0.01226801872253420,0.0232753474265337,0.637,0.243,0.149,0.069,0.026,0.012
Standard_S_text_epoch13,0.3484676971435550,0.33660708701610600,0.011860610127449000,0.022858664393425000,0.623,0.255,0.149,0.065,0.026,0.012
Standard_S_text_epoch14,0.3495744743347170,0.33775796508789100,0.011816509246826100,0.019259758293628700,0.623,0.249,0.149,0.062,0.026,0.015
Standard_S_text_epoch15,0.34658241081237800,0.33415979957580600,0.01242261123657230,0.024052469059824900,0.629,0.258,0.15,0.075,0.027,0.012
Standard_S_text_epoch16,0.34710690307617200,0.3348316974639890,0.012275205612182600,0.017747977748513200,0.617,0.25,0.157,0.068,0.03,0.014
Standard_S_text_epoch17,0.346099458694458,0.33353974151611300,0.012559717178344800,0.022473739460110700,0.622,0.249,0.154,0.073,0.032,0.014
Standard_S_text_epoch18,0.34568755149841300,0.333177131652832,0.012510419845581000,0.016467520967125900,0.622,0.254,0.153,0.072,0.031,0.014
Standard_S_text_epoch19,0.3450821213722230,0.33238079643249500,0.012701324939727800,0.019676126539707200,0.621,0.259,0.152,0.073,0.032,0.015
Standard_S_text_epoch20,0.3447271761894230,0.33196065521240200,0.012766520977020200,0.02255106158554550,0.624,0.257,0.153,0.072,0.032,0.015
HNC_L2_1_S_vision_epoch1,0.3315898513793950,0.31269000244140600,0.01889984893798820,0.009082967415452000,0.745,0.3,0.126,0.026,0.003,0.001
HNC_L2_1_S_vision_epoch2,0.3547232208251950,0.3406268815994260,0.014096339225769000,0.007049610372632740,0.695,0.223,0.094,0.02,0.005,0.001
HNC_L2_1_S_vision_epoch3,0.37073443603515600,0.35738446044921900,0.013349975585937500,0.012188460677862200,0.662,0.218,0.098,0.021,0.008,0.001
HNC_L2_1_S_vision_epoch4,0.381546875,0.36850894927978500,0.013037925720214800,0.01429477147758010,0.65,0.22,0.088,0.02,0.007,0.002
HNC_L2_1_S_vision_epoch5,0.3966163482666020,0.38399974822998000,0.012616600036621100,0.022495383396744700,0.648,0.217,0.092,0.017,0.004,0.001
HNC_L2_1_S_vision_epoch6,0.38621508407592800,0.37582275390625,0.010392330169677800,0.01937546208500860,0.609,0.22,0.087,0.015,0.005,0.001
HNC_L2_1_S_vision_epoch7,0.3824384002685550,0.3715735778808590,0.010864822387695300,0.015743335708975800,0.625,0.226,0.093,0.023,0.008,0.002
HNC_L2_1_S_vision_epoch8,0.3805042114257810,0.369581844329834,0.010922367095947200,0.016749512404203400,0.622,0.232,0.1,0.021,0.006,0.002
HNC_L2_1_S_vision_epoch9,0.39584027099609400,0.3842748622894290,0.011565408706665100,0.013499111868441100,0.634,0.223,0.094,0.021,0.008,0.003
HNC_L2_1_S_vision_epoch10,0.38069595336914100,0.36863915729522700,0.012056796073913600,0.0073043787851929700,0.628,0.245,0.113,0.028,0.008,0.005
HNC_L2_1_S_vision_epoch11,0.37871162700653100,0.3663950366973880,0.01231659030914310,0.011267763562500500,0.634,0.238,0.116,0.028,0.009,0.004
HNC_L2_1_S_vision_epoch12,0.38099667358398400,0.3684499455690380,0.012546728014946000,0.007663708180189130,0.639,0.244,0.118,0.03,0.011,0.005
HNC_L2_1_S_vision_epoch13,0.37903442764282200,0.3657598600387570,0.013274567604064900,0.008933940902352330,0.643,0.248,0.123,0.033,0.014,0.004
HNC_L2_1_S_vision_epoch14,0.3750001332759860,0.36279070329666100,0.012209429979324300,0.003600870259106160,0.642,0.239,0.118,0.037,0.015,0.006
HNC_L2_1_S_vision_epoch15,0.3877298583984380,0.3747115631103520,0.013018295288085900,0.009689589031040670,0.637,0.244,0.128,0.035,0.012,0.005
HNC_L2_1_S_vision_epoch16,0.3819888515472410,0.3663628492355350,0.01562600231170650,-0.001587135368026790,0.657,0.271,0.139,0.033,0.012,0.003
HNC_L2_1_S_vision_epoch17,0.36602997398376500,0.35117397308349600,0.014856000900268600,-0.005179309751838450,0.648,0.274,0.145,0.043,0.018,0.003
HNC_L2_1_S_vision_epoch18,0.3719740219116210,0.3566258544921880,0.015348167419433600,-0.0018023555167019400,0.649,0.274,0.145,0.044,0.02,0.005
HNC_L2_1_S_vision_epoch19,0.3679581708908080,0.3525263614654540,0.015431809425354000,0.0009019916178658610,0.648,0.291,0.154,0.047,0.016,0.002
HNC_L2_1_S_vision_epoch20,0.36832246494293200,0.3539644310474400,0.014358033895492600,0.004111960995942350,0.642,0.272,0.142,0.044,0.013,0.005
HNC_L2_1_S_vision_epoch21,0.3588765258789060,0.34367522048950200,0.015201305389404300,-0.007767069153487680,0.646,0.298,0.15,0.052,0.023,0.005
HNC_L2_1_S_vision_epoch22,0.3723008737564090,0.3580921125411990,0.014208761215210000,0.00609495909884572,0.639,0.271,0.135,0.04,0.015,0.005
HNC_L2_1_S_vision_epoch23,0.3631253128051760,0.34800114154815700,0.015124171257019000,0.006213180720806120,0.644,0.285,0.148,0.049,0.023,0.009
HNC_L2_1_S_vision_epoch24,0.363105411529541,0.3493915786743160,0.013713832855224600,0.009335363283753400,0.64,0.275,0.138,0.043,0.018,0.009
HNC_L2_1_S_vision_epoch25,0.3579155938625340,0.3431311352849010,0.014784458577632900,0.0018840987468138300,0.642,0.281,0.152,0.052,0.023,0.01
HNC_L2_1_S_vision_epoch26,0.36946907234191900,0.3535700783133510,0.01589899402856830,-0.000632626935839653,0.638,0.291,0.155,0.043,0.02,0.01
HNC_L2_1_S_vision_epoch27,0.3634418144226070,0.3465441360473630,0.01689767837524410,-0.009137309156358240,0.651,0.306,0.159,0.049,0.021,0.008
HNC_L2_1_S_vision_epoch28,0.36629200744628900,0.35020616626739500,0.016085841178894,0.0053161755204200700,0.649,0.289,0.16,0.053,0.023,0.008
HNC_L2_1_S_vision_epoch29,0.3645308990478520,0.3480512161254880,0.016479682922363300,-0.0002254752180306240,0.656,0.298,0.165,0.054,0.023,0.007
HNC_L2_1_S_vision_epoch30,0.3652704010009770,0.3490412063598630,0.016229194641113300,0.0013566514244303100,0.659,0.289,0.155,0.047,0.019,0.009
HNC_L2_1_S_vision_epoch31,0.3645132064819340,0.34909404182434100,0.015419164657592700,0.005445515271276240,0.65,0.292,0.152,0.044,0.022,0.009
HNC_L2_1_S_vision_epoch32,0.3700543422698980,0.3540181932449340,0.016036149024963400,0.0024737250059843100,0.647,0.299,0.154,0.043,0.02,0.007
HNC_L2_1_S_vision_epoch33,0.34992203712463400,0.3322391408085820,0.017682896316051500,-0.006935747805982830,0.663,0.317,0.184,0.057,0.029,0.016
HNC_L2_1_S_vision_epoch34,0.3697597274780270,0.353667338848114,0.0160923886299133,0.012123331427574200,0.657,0.296,0.158,0.046,0.021,0.008
HNC_L2_1_S_vision_epoch35,0.364666316986084,0.34765019798278800,0.017016119003295900,0.0031793606467545000,0.657,0.3,0.168,0.049,0.022,0.012
HNC_L2_1_S_vision_epoch36,0.35464310693740800,0.3375049786567690,0.017138128280639700,-0.004941838793456550,0.651,0.31,0.176,0.059,0.03,0.012
HNC_L2_1_S_vision_epoch37,0.3617650289535520,0.34524858808517500,0.01651644086837770,0.00302454037591815,0.649,0.311,0.171,0.042,0.025,0.009
HNC_L2_1_S_vision_epoch38,0.35767580032348600,0.34113119888305700,0.016544601440429700,0.0028253793716430700,0.648,0.301,0.169,0.051,0.025,0.013
HNC_L2_1_S_vision_epoch39,0.3678183212280270,0.3517568244934080,0.016061496734619100,0.020176703110337300,0.64,0.3,0.156,0.042,0.017,0.009
HNC_L2_1_S_vision_epoch40,0.3619877433776860,0.3441570615768430,0.01783068180084220,0.00970865972340107,0.659,0.314,0.172,0.048,0.024,0.013
HNC_L2_1_S_vision_epoch41,0.3589563980102540,0.34356945991516100,0.015386938095092800,0.014659645967185500,0.647,0.305,0.157,0.048,0.024,0.013
HNC_L2_1_S_vision_epoch42,0.3580589485168460,0.3419884796142580,0.016070468902587900,0.008079721592366700,0.639,0.308,0.171,0.057,0.026,0.009
HNC_L2_1_S_vision_epoch43,0.3525307261943820,0.33560294342041000,0.016927782773971600,0.010693933814764000,0.649,0.309,0.169,0.053,0.024,0.01
HNC_L2_1_S_vision_epoch44,0.35483780670166000,0.33845399379730200,0.01638381290435790,0.00599556602537632,0.639,0.297,0.169,0.049,0.023,0.011
HNC_L2_1_S_vision_epoch45,0.34977059173584000,0.33418753802776300,0.0155830537080765,0.009200476109981540,0.634,0.295,0.165,0.05,0.026,0.014
HNC_L2_1_S_vision_epoch46,0.35739037322998000,0.3416356296539310,0.01575474357604980,0.017350174486637100,0.633,0.298,0.163,0.045,0.027,0.012
HNC_L2_1_S_vision_epoch47,0.34234153842926000,0.3253595247268680,0.01698201370239260,0.0010164936538785700,0.642,0.312,0.18,0.064,0.031,0.015
HNC_L2_1_S_vision_epoch48,0.35543327713012700,0.33891337203979500,0.01651990509033200,0.0026350892148912000,0.648,0.305,0.172,0.049,0.023,0.012
HNC_L2_1_S_vision_epoch49,0.3437420196533200,0.3269989137649540,0.016743105888366700,-0.002924246247857810,0.64,0.311,0.177,0.05,0.03,0.013
HNC_L2_1_S_vision_epoch50,0.3528981971740720,0.33617857706546800,0.01671962010860450,0.006161808501929050,0.646,0.311,0.171,0.053,0.028,0.014
HNC_L2_1_S_vision_epoch51,0.3409328784942630,0.32473398971557600,0.016198888778686500,0.0040141260251402900,0.634,0.309,0.176,0.056,0.027,0.015
HNC_L2_1_S_vision_epoch52,0.3410536861419680,0.323480297088623,0.017573389053344800,0.0034530151169747100,0.65,0.309,0.175,0.064,0.027,0.011
HNC_L2_1_S_vision_epoch53,0.345702067553997,0.32826710724830600,0.01743496030569080,0.00059628946473822,0.646,0.303,0.176,0.058,0.027,0.01
HNC_L2_1_S_vision_epoch54,0.33202171832323100,0.31536313056945800,0.016658587753772700,-0.003296117065474390,0.625,0.298,0.179,0.061,0.022,0.014
HNC_L2_1_S_vision_epoch55,0.34201660060882600,0.32486326599121100,0.0171533346176147,0.0044868565164506400,0.641,0.308,0.179,0.066,0.031,0.015
HNC_L2_1_S_vision_epoch56,0.35197985696792600,0.33546501922607400,0.016514837741851800,0.011471944861114000,0.634,0.309,0.166,0.05,0.028,0.012
HNC_L2_1_S_vision_epoch57,0.333307017326355,0.3169698350429540,0.016337182283401500,0.0034371144138276600,0.644,0.301,0.177,0.061,0.031,0.018
HNC_L2_1_S_vision_epoch58,0.3339388189315800,0.31834528684616100,0.015593532085418700,0.007179449778050180,0.627,0.303,0.177,0.061,0.029,0.015
HNC_L2_1_S_vision_epoch59,0.33721476221084600,0.32141251271963100,0.01580224949121480,0.006803738418966530,0.627,0.302,0.172,0.055,0.029,0.015
HNC_L2_1_S_vision_epoch60,0.3321336727142330,0.3158502985239030,0.01628337419033050,0.000529024051502347,0.628,0.315,0.167,0.061,0.029,0.017
HNC_L2_1_S_vision_epoch61,0.3290886936187740,0.31260683917999300,0.01648185443878180,-0.0041093709878623500,0.636,0.306,0.185,0.067,0.031,0.019
HNC_L2_1_S_vision_epoch62,0.3323631281852720,0.31646749591827400,0.01589563226699830,0.008320347405970100,0.629,0.302,0.176,0.059,0.029,0.015
HNC_L2_1_S_vision_epoch63,0.3247840509414670,0.3087633109092710,0.016020740032196100,-0.0013294978998601400,0.625,0.295,0.178,0.062,0.028,0.015
HNC_L2_1_S_vision_epoch64,0.33921122741699200,0.3233880758285520,0.015823151588439900,0.00757752638310194,0.629,0.298,0.175,0.058,0.029,0.017
HNC_L2_1_S_vision_epoch65,0.3187288284301760,0.3032899898290630,0.015438838601112400,0.0013879273319616900,0.636,0.298,0.176,0.063,0.032,0.012
HNC_L2_1_S_vision_epoch66,0.3261762809753420,0.3099617977142330,0.016214483261108400,0.0007861735648475590,0.631,0.31,0.183,0.072,0.03,0.016
HNC_L2_1_S_vision_epoch67,0.3272725620269780,0.31138633251190200,0.015886229515075700,0.0038962180260568900,0.63,0.307,0.182,0.065,0.031,0.016
HNC_L2_1_S_vision_epoch68,0.31187809085845900,0.2956708931922910,0.016207197666168200,-0.002927052555605770,0.642,0.321,0.193,0.075,0.033,0.017
HNC_L2_1_S_vision_epoch69,0.3137127208709720,0.29846967458725000,0.015243046283721900,8.25104943942279E-05,0.625,0.307,0.174,0.068,0.029,0.012
HNC_L2_1_S_vision_epoch70,0.3222696809768680,0.3069528684616090,0.015316812515258800,0.0017983834259212000,0.623,0.302,0.17,0.06,0.031,0.013
HNC_L2_1_S_vision_epoch71,0.31892026877403300,0.30402527236938500,0.014894996404647800,0.015834173187613500,0.619,0.308,0.178,0.068,0.031,0.018
HNC_L2_1_S_vision_epoch72,0.30957616233825700,0.29402178239822400,0.015554379940033000,-0.0010700917337089800,0.617,0.31,0.181,0.07,0.03,0.016
HNC_L2_1_S_vision_epoch73,0.3137167863845830,0.29795139098167400,0.015765395402908300,0.005164667032659050,0.63,0.306,0.182,0.073,0.036,0.016
HNC_L2_1_S_vision_epoch74,0.3057152490615850,0.2899946393966680,0.015720609664917000,-0.0063805836252868200,0.628,0.317,0.18,0.073,0.03,0.014
HNC_L2_1_S_vision_epoch75,0.3079569275379180,0.2931506190299990,0.014806308507919300,-0.003228767542168500,0.62,0.311,0.179,0.069,0.029,0.012
HNC_L2_1_S_vision_epoch76,0.3180807284116750,0.3032486447691920,0.014832083642482800,0.005384387448430060,0.62,0.306,0.171,0.061,0.03,0.016
HNC_L2_1_S_vision_epoch77,0.30540113162994400,0.2904227337837220,0.014978397846222000,0.006705009378492830,0.619,0.311,0.178,0.072,0.029,0.014
HNC_L2_1_S_vision_epoch78,0.3061115140914920,0.2913295984268190,0.014781915664672900,0.00156016880646348,0.621,0.307,0.18,0.069,0.03,0.014
HNC_L2_1_S_vision_epoch79,0.3080966835618020,0.2940771331787110,0.014019550383091000,0.0008884595008566980,0.616,0.301,0.174,0.062,0.027,0.014
HNC_L2_1_S_vision_epoch80,0.3027729368209840,0.28760672569274900,0.015166211128234900,-0.0004485268727876250,0.624,0.313,0.181,0.072,0.034,0.014
HNC_L2_1_S_vision_epoch81,0.3035516948699950,0.2887223308086400,0.014829364061355600,0.006527142133563760,0.622,0.317,0.177,0.068,0.027,0.011
HNC_L2_1_S_vision_epoch82,0.29808178257942200,0.2833496448993680,0.014732137680053700,0.001863174606114630,0.625,0.307,0.186,0.067,0.033,0.014
HNC_L2_1_S_vision_epoch83,0.3012395250797270,0.28706855487823500,0.014170970201492300,0.009618262760341170,0.617,0.308,0.176,0.069,0.026,0.015
HNC_L2_1_S_vision_epoch84,0.29845852637291000,0.2843898367881780,0.014068689584732100,0.006332380697131160,0.617,0.31,0.179,0.061,0.026,0.01
HNC_L2_1_S_vision_epoch85,0.2985841774940490,0.28436345744133000,0.014220720052719100,0.004636840894818310,0.613,0.313,0.179,0.067,0.029,0.015
HNC_L2_1_S_vision_epoch86,0.29476798343658400,0.2805822095870970,0.014185773849487300,0.0004313479585107420,0.618,0.316,0.179,0.069,0.03,0.018
HNC_L2_1_S_vision_epoch87,0.2932485545873640,0.2792093675136570,0.014039187073707600,0.007875611074268820,0.617,0.32,0.183,0.07,0.035,0.017
HNC_L2_1_S_vision_epoch88,0.29593313789367700,0.2819532527923580,0.013979885101318400,0.012164595536887600,0.615,0.307,0.179,0.068,0.031,0.012
HNC_L2_1_S_vision_epoch89,0.29172430753707900,0.27759304487705200,0.014131262660026500,0.004739656578749420,0.615,0.313,0.177,0.069,0.032,0.014
HNC_L2_1_S_vision_epoch90,0.2931556854248050,0.27914391016960100,0.014011775255203300,0.008055416867136960,0.617,0.314,0.18,0.066,0.032,0.015
HNC_L2_1_S_vision_epoch91,0.29221283292770400,0.27835602378845200,0.013856809139251700,0.007568435277789830,0.617,0.315,0.18,0.068,0.033,0.015
HNC_L2_1_S_vision_epoch92,0.2940411801338200,0.28022943711280800,0.013811743021011300,0.009136791341006760,0.617,0.314,0.176,0.069,0.033,0.018
HNC_L2_1_S_vision_epoch93,0.2919771912097930,0.27804128086566900,0.013935910344123800,0.008952644653618340,0.613,0.313,0.18,0.066,0.033,0.018
HNC_L2_1_S_vision_epoch94,0.29228952956199600,0.27837243020534500,0.013917099356651300,0.004743065219372510,0.616,0.314,0.18,0.066,0.032,0.017
HNC_L2_1_S_vision_epoch95,0.29031693935394300,0.2763966977596280,0.013920241594314600,0.006776805967092510,0.619,0.315,0.179,0.068,0.033,0.018
HNC_L2_1_S_vision_epoch96,0.2905674114227300,0.27668625783920300,0.01388115358352670,0.005541331600397830,0.615,0.313,0.18,0.067,0.032,0.017
HNC_L2_1_S_vision_epoch97,0.29079260730743400,0.27681894779205300,0.01397365951538080,0.0028179283253848600,0.615,0.314,0.181,0.068,0.033,0.018
HNC_L2_1_S_vision_epoch98,0.2906781101226810,0.2767580885887150,0.013920021533966100,0.0073699308559298500,0.616,0.315,0.182,0.068,0.033,0.018
HNC_L2_1_S_vision_epoch99,0.2908549518585210,0.27693989753723100,0.013915054321289000,0.007560531608760360,0.617,0.316,0.18,0.068,0.033,0.018
HNC_L2_1_S_vision_epoch100,0.2908685369491580,0.276953280210495,0.013915256738662700,0.010322727262973800,0.616,0.315,0.181,0.069,0.033,0.018
Standard_S_vision_epoch1,0.33130712127685500,0.3128471221923830,0.018459999084472700,0.011683842167258300,0.745,0.294,0.124,0.024,0.005,0.001
Standard_S_vision_epoch2,0.35452843952179000,0.3402490768432620,0.014279362678527800,0.0026068510487675700,0.691,0.231,0.093,0.02,0.005,0.001
Standard_S_vision_epoch3,0.3722281646728520,0.35896001815795900,0.01326814651489260,0.0130018200725317,0.669,0.217,0.096,0.02,0.008,0.001
Standard_S_vision_epoch4,0.3828955993652340,0.37000862884521500,0.012886970520019500,0.007413608022034170,0.649,0.227,0.085,0.021,0.007,0.0
Standard_S_vision_epoch5,0.395184326171875,0.3831077880859380,0.012076538085937500,0.024142403155565300,0.627,0.212,0.094,0.018,0.004,0.001
Standard_S_vision_epoch6,0.3873838653564450,0.37678730964660600,0.010596555709838900,0.01725560612976550,0.615,0.215,0.088,0.015,0.004,0.0
Standard_S_vision_epoch7,0.37957303619384800,0.3687629928588870,0.01081004333496090,0.019198574125766800,0.631,0.222,0.09,0.023,0.009,0.003
Standard_S_vision_epoch8,0.380380859375,0.3696819467544560,0.010698912620544400,0.0179574154317379,0.632,0.238,0.098,0.021,0.007,0.003
Standard_S_vision_epoch9,0.38736452484130900,0.3761889419555660,0.011175582885742200,0.020489633083343500,0.631,0.232,0.102,0.02,0.008,0.001
Standard_S_vision_epoch10,0.37632992553710900,0.3653479309082030,0.010981994628906300,0.01343538984656330,0.625,0.235,0.102,0.021,0.008,0.003
Standard_S_vision_epoch11,0.3763448944091800,0.36532226753234900,0.011022626876831000,0.009355482645332810,0.633,0.232,0.106,0.019,0.008,0.002
Standard_S_vision_epoch12,0.3740286865234380,0.36329586219787600,0.010732824325561600,0.014257697388529800,0.626,0.234,0.107,0.026,0.009,0.003
Standard_S_vision_epoch13,0.3759285888671880,0.36514528656005900,0.010783302307128900,0.011609546840190900,0.629,0.231,0.108,0.025,0.007,0.003
Standard_S_vision_epoch14,0.36949246215820300,0.35900475883483900,0.010487703323364300,0.006191318854689600,0.631,0.236,0.112,0.028,0.011,0.005
Standard_S_vision_epoch15,0.3652533264160160,0.35463935089111300,0.010613975524902300,0.009599062614142900,0.63,0.24,0.108,0.031,0.008,0.003
Standard_S_vision_epoch16,0.36174810791015600,0.350794294834137,0.010953813076019300,0.00616532051935792,0.632,0.239,0.117,0.03,0.011,0.007
Standard_S_vision_epoch17,0.3591207809448240,0.3481175575256350,0.011003223419189400,-0.0018277582712471500,0.63,0.242,0.119,0.029,0.011,0.005
Standard_S_vision_epoch18,0.3581489715576170,0.34753758335113500,0.010611388206481900,0.0027060615830123400,0.632,0.237,0.116,0.03,0.012,0.005
Standard_S_vision_epoch19,0.35761652755737300,0.34704941511154200,0.010567112445831300,0.00715376203879714,0.63,0.238,0.12,0.03,0.012,0.005
Standard_S_vision_epoch20,0.3576201057434080,0.34697833728790300,0.010641768455505400,0.0063159652054309800,0.629,0.239,0.12,0.03,0.012,0.005
Standard_S_last_epoch1,0.5200225830078130,0.506310546875,0.013712036132812500,0.009500514715909960,0.656,0.153,0.056,0.012,0.003,0.002
Standard_S_last_epoch2,0.5686412658691410,0.5564002685546880,0.012240997314453200,0.018090881407260900,0.65,0.129,0.056,0.011,0.003,0.001
Standard_S_last_epoch3,0.5854825897216800,0.5740878601074220,0.011394729614257800,0.026100434362888300,0.632,0.127,0.053,0.011,0.004,0.001
Standard_S_last_epoch4,0.5935221862792970,0.5823255615234380,0.011196624755859400,0.025468289852142300,0.631,0.121,0.047,0.012,0.004,0.001
Standard_S_last_epoch5,0.5989356384277340,0.5878975524902340,0.011038085937500000,0.02640284039080140,0.633,0.116,0.046,0.011,0.004,0.002
Standard_S_last_epoch6,0.6029000854492190,0.5921759033203120,0.010724182128906400,0.02202226035296920,0.636,0.109,0.043,0.011,0.004,0.003
Standard_S_last_epoch7,0.6036886749267580,0.5930168914794920,0.010671783447265600,0.03687683865427970,0.634,0.11,0.045,0.011,0.004,0.003
HNC_KL_1_S_full_epoch1,0.6602844123840330,0.6481849250793460,0.012099487304687600,0.009699076414108280,0.647,0.122,0.051,0.018,0.007,0.003
HNC_KL_1_S_full_epoch2,0.6590791893005370,0.6464580841064450,0.012621105194091800,0.014235827140510100,0.637,0.128,0.065,0.018,0.003,0.001
HNC_KL_1_S_full_epoch3,0.6521649780273440,0.6373033905029300,0.014861587524414000,0.018303129822015800,0.62,0.165,0.081,0.025,0.003,0.001
HNC_KL_1_S_full_epoch4,0.6401609840393070,0.6251143951416020,0.015046588897705000,0.029374264180660200,0.63,0.164,0.096,0.03,0.01,0.006
HNC_KL_1_S_full_epoch5,0.6413119659423830,0.6255728664398190,0.01573909950256350,0.022857047617435500,0.621,0.165,0.099,0.035,0.01,0.004
HNC_KL_1_S_full_epoch6,0.6253275032043460,0.6088623886108400,0.01646511459350590,0.029888391494751000,0.616,0.187,0.119,0.041,0.018,0.008
HNC_KL_1_S_full_epoch7,0.6154079151153560,0.5969504470825200,0.018457468032836900,0.033639490604400600,0.601,0.214,0.129,0.048,0.017,0.008
HNC_KL_1_S_full_epoch8,0.598115463256836,0.5793461837768550,0.018769279479980500,0.03602882847189900,0.615,0.243,0.159,0.069,0.032,0.015
HNC_KL_1_S_full_epoch9,0.6003166055679320,0.5806233634948730,0.019693242073059000,0.02291938289999960,0.613,0.245,0.154,0.058,0.021,0.011
HNC_KL_1_S_full_epoch10,0.591171573638916,0.5707458987236020,0.020425674915313800,0.027923034504056000,0.605,0.25,0.164,0.066,0.036,0.018
HNC_KL_1_S_full_epoch11,0.5865346240997310,0.5679062194824220,0.018628404617309500,0.029640069231391000,0.598,0.25,0.164,0.076,0.032,0.017
HNC_KL_1_S_full_epoch12,0.5832080688476560,0.5637386894226070,0.019469379425048900,0.03345336765050890,0.6,0.266,0.189,0.075,0.029,0.015
HNC_KL_1_S_full_epoch13,0.5635303983688360,0.542731689453125,0.02079870891571050,0.035476986318826700,0.607,0.282,0.196,0.089,0.044,0.026
HNC_KL_1_S_full_epoch14,0.5613372268676760,0.5422375545501710,0.019099672317504900,0.04125410318374630,0.583,0.267,0.189,0.09,0.043,0.02
HNC_KL_1_S_full_epoch15,0.5554697103500370,0.5345211715698240,0.02094853878021240,0.030890973284840600,0.594,0.28,0.189,0.085,0.038,0.011
HNC_KL_1_S_full_epoch16,0.5539472994804380,0.5327907376289370,0.021156561851501400,0.0353320837020874,0.593,0.281,0.201,0.084,0.039,0.015
HNC_KL_1_S_full_epoch17,0.544487648010254,0.5235596652030950,0.020927982807159500,0.03691807761788370,0.587,0.276,0.199,0.105,0.048,0.021
HNC_KL_1_S_full_epoch18,0.5285205526351930,0.5079670276641850,0.020553524971008300,0.03203558176755910,0.567,0.288,0.218,0.102,0.052,0.025
HNC_KL_1_S_full_epoch19,0.5127121950387960,0.49239878326654400,0.020313411772251200,0.05083174258470540,0.584,0.311,0.223,0.104,0.053,0.026
HNC_KL_1_S_full_epoch20,0.5058918073177340,0.48726295948028600,0.018628847837448100,0.04009932652115820,0.578,0.285,0.207,0.105,0.052,0.025
HNC_KL_1_S_full_epoch21,0.4974109811782840,0.47983764839172400,0.017573332786560000,0.03524082154035570,0.555,0.292,0.21,0.106,0.049,0.026
HNC_KL_1_S_full_epoch22,0.497385015130043,0.47863772058486900,0.018747294545173700,0.03349096328020100,0.558,0.294,0.216,0.106,0.056,0.023
HNC_KL_1_S_full_epoch23,0.4933446502685550,0.47500914907455400,0.018335501194000200,0.04499129578471180,0.559,0.297,0.218,0.111,0.059,0.026
HNC_KL_1_S_full_epoch24,0.4870218076705930,0.4682197608947750,0.01880204677581790,0.03704540431499480,0.546,0.3,0.228,0.116,0.053,0.027
HNC_KL_1_S_full_epoch25,0.4800826587677000,0.4611215567588810,0.018961102008819600,0.04434841871261600,0.552,0.291,0.219,0.118,0.054,0.029
HNC_KL_1_S_full_epoch26,0.469233304977417,0.4497411937713620,0.019492111206054700,0.04280220344662670,0.561,0.309,0.224,0.117,0.057,0.026
HNC_KL_1_S_full_epoch27,0.46106968879699700,0.4420820274353030,0.01898766136169430,0.03214537724852560,0.561,0.3,0.224,0.117,0.056,0.027
HNC_KL_1_S_full_epoch28,0.4586503057479860,0.43878285789489700,0.01986744785308840,0.04757390171289440,0.563,0.318,0.224,0.13,0.059,0.028
HNC_KL_1_S_full_epoch29,0.45671753692627000,0.4377847366333010,0.018932800292968700,0.0441395603120327,0.563,0.311,0.224,0.127,0.063,0.032
HNC_KL_1_S_full_epoch30,0.45484449672699000,0.4359062042236330,0.018938292503356900,0.044366806745529200,0.555,0.32,0.228,0.126,0.071,0.024
HNC_KL_1_S_full_epoch31,0.44970614767074600,0.43158166217804000,0.018124485492706300,0.04639851674437520,0.558,0.315,0.227,0.13,0.072,0.034
HNC_KL_1_S_full_epoch32,0.44600720500946000,0.4258900279998780,0.020117177009582500,0.04527479410171510,0.557,0.326,0.226,0.13,0.071,0.034
HNC_KL_1_S_full_epoch33,0.44185992813110400,0.4230616445541380,0.018798283576965300,0.048286642879247700,0.564,0.323,0.241,0.126,0.072,0.036
HNC_KL_1_S_full_epoch34,0.4415274548530580,0.42188704752922100,0.019640407323837300,0.050121746957302100,0.552,0.32,0.237,0.134,0.078,0.034
HNC_KL_1_S_full_epoch35,0.4346346787214280,0.41427504920959500,0.020359629511833200,0.047511760145425800,0.541,0.307,0.216,0.127,0.068,0.031
HNC_KL_1_S_full_epoch36,0.43361460649967200,0.41320626068115200,0.02040834581851960,0.05410439521074300,0.542,0.321,0.232,0.13,0.073,0.04
HNC_KL_1_S_full_epoch37,0.42898451232910200,0.40848004388809200,0.020504468441009500,0.046015288680791900,0.549,0.324,0.235,0.136,0.079,0.043
HNC_KL_1_S_full_epoch38,0.43021771049499500,0.41017537713050800,0.020042333364486700,0.062013376504182800,0.556,0.326,0.238,0.134,0.075,0.037
HNC_KL_1_S_full_epoch39,0.42079070550203300,0.4016407446861270,0.01914996081590650,0.05803333595395090,0.556,0.332,0.246,0.145,0.084,0.044
HNC_KL_1_S_full_epoch40,0.42133957052230800,0.4016128587722780,0.019726711750030500,0.054244477301836000,0.549,0.322,0.242,0.142,0.078,0.038
HNC_KL_1_S_full_epoch41,0.42004521942138700,0.4003051444888120,0.019740074932575200,0.062086790800094600,0.556,0.326,0.243,0.145,0.077,0.042
HNC_KL_1_S_full_epoch42,0.41617369842529300,0.39651588678360000,0.019657811641693100,0.050774019211530700,0.554,0.332,0.237,0.141,0.078,0.042
HNC_KL_1_S_full_epoch43,0.4136854667663570,0.39384484028816200,0.019840626478195200,0.04964500293135640,0.545,0.329,0.242,0.148,0.075,0.036
HNC_KL_1_S_full_epoch44,0.41219339388608900,0.3928974422812460,0.019295951604843200,0.046962399035692200,0.559,0.328,0.246,0.15,0.083,0.043
HNC_KL_1_S_full_epoch45,0.40641183280944800,0.3868758590221410,0.01953597378730780,0.04971803352236750,0.545,0.326,0.25,0.15,0.085,0.043
HNC_KL_1_S_full_epoch46,0.4096587872505190,0.39038006782531700,0.01927871942520140,0.05040517449378970,0.545,0.326,0.242,0.142,0.079,0.04
HNC_KL_1_S_full_epoch47,0.40757505321502700,0.388495885848999,0.019079167366027800,0.062264423817396200,0.548,0.33,0.244,0.147,0.083,0.044
HNC_KL_1_S_full_epoch48,0.40666484278440500,0.3876184387207030,0.019046404063701600,0.04922065511345860,0.549,0.329,0.246,0.146,0.08,0.041
HNC_KL_1_S_full_epoch49,0.406850652217865,0.3878084478378300,0.0190422043800354,0.051331110298633600,0.55,0.328,0.245,0.149,0.082,0.042
HNC_KL_1_S_full_epoch50,0.4068812098503110,0.3878434057235720,0.0190378041267395,0.05286695435643200,0.55,0.328,0.246,0.148,0.081,0.043
HNC_L2_D1_10_S_full_epoch1,0.32325956773757900,0.31252808809280400,0.010731479644775400,-0.1766834259033200,0.624,0.208,0.115,0.042,0.02,0.014
HNC_L2_D1_10_S_full_epoch2,0.043854076623916600,0.03326480537652970,0.010589271247386900,-0.3542235195636750,0.518,0.312,0.218,0.125,0.068,0.038
HNC_L2_D1_10_S_full_epoch3,-0.1084726767539980,-0.11965827637910800,0.011185599625110600,-0.4552854597568510,0.434,0.252,0.178,0.088,0.048,0.024
HNC_L2_D1_10_S_full_epoch4,-0.08770998728275300,-0.0994335720539093,0.011723584771156300,-0.43824639916420000,0.458,0.292,0.222,0.135,0.063,0.036
HNC_L2_D1_10_S_full_epoch5,-0.10417375057935700,-0.11808004015684100,0.013906289577484100,-0.44266143441200300,0.428,0.268,0.205,0.131,0.063,0.029
HNC_L2_D1_10_S_full_epoch6,-0.17720858573913600,-0.1908811912536620,0.013672605514526300,-0.48721522092819200,0.431,0.252,0.183,0.077,0.035,0.017
HNC_L2_D1_10_S_full_epoch7,-0.15283339869976000,-0.16806998419761700,0.015236585497856100,-0.470775842666626,0.441,0.272,0.207,0.111,0.05,0.027
HNC_L2_D1_10_S_full_epoch8,-0.11206048011779800,-0.12581154894828800,0.013751068830490100,-0.4440980553627010,0.423,0.275,0.233,0.141,0.085,0.038
HNC_L2_D1_10_S_full_epoch9,-0.12462915170192700,-0.14271759390831000,0.01808844220638270,-0.4562198221683500,0.404,0.278,0.221,0.147,0.085,0.043
HNC_L2_D1_10_S_full_epoch10,-0.14465509140491500,-0.16703671193122900,0.02238162052631380,-0.46738144755363500,0.402,0.28,0.228,0.145,0.094,0.053
HNC_L2_D1_10_S_full_epoch11,-0.14498827362060500,-0.16790421438217200,0.022915940761566200,-0.4666794240474700,0.381,0.255,0.221,0.138,0.075,0.048
HNC_L2_D1_10_S_full_epoch12,-0.1382909743785860,-0.16406117582321200,0.025770201444625900,-0.4522739052772520,0.395,0.266,0.216,0.157,0.089,0.051
HNC_L2_D1_10_S_full_epoch13,-0.10725159132480600,-0.137092209815979,0.029840618491172800,-0.4315682649612430,0.39,0.267,0.228,0.158,0.111,0.069
HNC_L2_D1_10_S_full_epoch14,-0.13077286005020100,-0.1589649691581730,0.02819210910797120,-0.4408363699913030,0.386,0.264,0.213,0.151,0.103,0.061
HNC_L2_D1_10_S_full_epoch15,-0.16468425178527800,-0.19498404693603500,0.030299795150756800,-0.4610394537448880,0.384,0.257,0.222,0.152,0.11,0.062
HNC_L2_D1_10_S_full_epoch16,-0.09745069217681880,-0.13595509338378900,0.03850440120697020,-0.4095257520675660,0.384,0.261,0.229,0.161,0.1,0.065
HNC_L2_D1_10_S_full_epoch17,-0.126374125957489,-0.16849534451961500,0.04212121856212620,-0.4267171621322630,0.383,0.264,0.222,0.145,0.105,0.071
HNC_L2_D1_10_S_full_epoch18,-0.10624969375133500,-0.14885086441040000,0.04260117065906520,-0.4056553840637210,0.395,0.276,0.236,0.175,0.12,0.074
HNC_L2_D1_10_S_full_epoch19,-0.06554146993160250,-0.11551447677612300,0.049973006844520600,-0.375136137008667,0.381,0.265,0.229,0.172,0.116,0.068
HNC_L2_D1_10_S_full_epoch20,-0.10554160022735600,-0.15362700033187900,0.048085400104522700,-0.401344895362854,0.37,0.248,0.215,0.152,0.106,0.065
HNC_L2_D1_10_S_full_epoch21,-0.09989824366569520,-0.1509833245277410,0.0510850808620453,-0.38095954060554500,0.387,0.273,0.229,0.174,0.115,0.074
HNC_L2_D1_10_S_full_epoch22,-0.14147892236709600,-0.18977018648386000,0.04829126411676410,-0.4006744921207430,0.363,0.25,0.213,0.141,0.098,0.058
HNC_L2_D1_10_S_full_epoch23,-0.0596300368309021,-0.11579568243026700,0.05616564559936520,-0.3505009114742280,0.378,0.25,0.224,0.162,0.118,0.082
HNC_L2_D1_10_S_full_epoch24,-0.06680932140350340,-0.12090253508091000,0.05409321367740630,-0.35815495252609300,0.362,0.253,0.221,0.158,0.107,0.063
HNC_L2_D1_10_S_full_epoch25,-0.07238940095901490,-0.12732416188716900,0.054934760928154,-0.356345534324646,0.385,0.265,0.23,0.162,0.118,0.076
HNC_L2_D1_10_S_full_epoch26,-0.07159030485153200,-0.13519324469566300,0.06360293984413150,-0.353392630815506,0.368,0.253,0.216,0.16,0.112,0.073
HNC_L2_D1_10_S_full_epoch27,-0.03689094138145450,-0.09882148838043210,0.06193054699897770,-0.3264595866203310,0.377,0.26,0.22,0.158,0.106,0.059
HNC_L2_D1_10_S_full_epoch28,-0.021704549908638,-0.08266311264038090,0.060958562731742900,-0.3087007701396940,0.373,0.254,0.214,0.159,0.11,0.069
HNC_L2_D1_10_S_full_epoch29,-0.02556509840488430,-0.09070778679847720,0.06514268839359280,-0.31002551317215000,0.365,0.251,0.215,0.157,0.116,0.067
HNC_L2_D1_10_S_full_epoch30,-0.04130429482460020,-0.10393461894989000,0.0626303241252899,-0.3127810060977940,0.384,0.254,0.228,0.153,0.113,0.069
HNC_L2_D1_10_S_full_epoch31,0.02330405616760250,-0.04405848550796510,0.06736254167556760,-0.2783600687980650,0.384,0.261,0.222,0.156,0.114,0.069
HNC_L2_D1_10_S_full_epoch32,-0.002761863589286800,-0.06977480584383010,0.06701294225454330,-0.290930837392807,0.374,0.257,0.226,0.163,0.114,0.069
HNC_L2_D1_10_S_full_epoch33,0.007664434373378750,-0.061072707653045700,0.0687371420264244,-0.2769303321838380,0.375,0.26,0.222,0.169,0.116,0.073
HNC_L2_D1_10_S_full_epoch34,0.011851007461547900,-0.05521849358081820,0.06706950104236600,-0.27399033308029200,0.384,0.259,0.228,0.162,0.114,0.074
HNC_L2_D1_10_S_full_epoch35,0.0018574600219726600,-0.06458242851495740,0.06643988853693010,-0.27989378571510300,0.374,0.257,0.222,0.157,0.108,0.064
HNC_L2_D1_10_S_full_epoch36,0.01589804983139040,-0.05147359657287600,0.06737164640426640,-0.2702644169330600,0.396,0.281,0.241,0.16,0.107,0.069
HNC_L2_D1_10_S_full_epoch37,0.00929278790950775,-0.057394378900528000,0.0666871668100357,-0.26973164081573500,0.381,0.259,0.22,0.159,0.119,0.077
HNC_L2_D1_10_S_full_epoch38,0.018063075065612800,-0.04795248746871950,0.06601556253433230,-0.260181188583374,0.386,0.275,0.236,0.174,0.119,0.08
HNC_L2_D1_10_S_full_epoch39,0.018850414276123000,-0.046580933570861800,0.06543134784698490,-0.259813517332077,0.387,0.274,0.232,0.17,0.127,0.077
HNC_L2_D1_10_S_full_epoch40,0.025829991340637200,-0.041400148630142200,0.06723013997077940,-0.25286200642585800,0.378,0.261,0.22,0.162,0.116,0.068
HNC_L2_D1_10_S_full_epoch41,0.01543834686279300,-0.05260770392417910,0.06804605078697210,-0.26161307096481300,0.382,0.268,0.223,0.162,0.116,0.075
HNC_L2_D1_10_S_full_epoch42,0.026536213040351900,-0.04202579689025880,0.06856200993061070,-0.24706612527370500,0.382,0.26,0.217,0.159,0.112,0.069
HNC_L2_D1_10_S_full_epoch43,0.03190813159942630,-0.03535731959342960,0.06726545119285590,-0.24762067198753400,0.378,0.272,0.23,0.165,0.118,0.069
HNC_L2_D1_10_S_full_epoch44,0.0377545138001442,-0.03052542209625240,0.06827993589639660,-0.24624782800674400,0.38,0.269,0.226,0.166,0.114,0.075
HNC_L2_D1_10_S_full_epoch45,0.0319780592918396,-0.036329899549484300,0.06830795884132390,-0.2421894520521160,0.377,0.267,0.226,0.161,0.11,0.068
HNC_L2_D1_10_S_full_epoch46,0.03437655401229860,-0.033897348642349200,0.06827390265464780,-0.2486177235841750,0.382,0.272,0.23,0.163,0.122,0.072
HNC_L2_D1_10_S_full_epoch47,0.03642293167114260,-0.03203390884399410,0.06845684051513670,-0.24562600255012500,0.381,0.27,0.227,0.165,0.118,0.07
HNC_L2_D1_10_S_full_epoch48,0.03737672185897830,-0.031025879859924300,0.06840260171890260,-0.24496066570282000,0.378,0.267,0.229,0.165,0.117,0.069
HNC_L2_D1_10_S_full_epoch49,0.03818777227401730,-0.030373011589050300,0.06856078386306760,-0.24834482371807100,0.381,0.269,0.228,0.164,0.12,0.072
HNC_L2_D1_10_S_full_epoch50,0.038458922386169400,-0.03008754324913030,0.06854646563529970,-0.24217210710048700,0.383,0.268,0.229,0.165,0.119,0.071
DPO_KL_S_full_epoch1,0.7975147323608400,0.7975914974212650,-7.6765060424866E-05,0.7980121970176700,0.359,0.076,0.053,0.031,0.018,0.01
DPO_KL_S_full_epoch2,0.608272087097168,0.5414500198364260,0.06682206726074210,0.6080324053764340,0.467,0.155,0.117,0.077,0.052,0.036
DPO_KL_S_full_epoch3,0.7315602664947510,0.6661766510009770,0.06538361549377440,0.7335337400436400,0.458,0.122,0.083,0.05,0.032,0.018
DPO_KL_S_full_epoch4,0.16326751804351800,0.07234294891357420,0.09092456912994390,0.17079147696495100,0.439,0.147,0.108,0.066,0.049,0.02
DPO_KL_S_full_epoch5,0.4558593978881840,0.3980216770172120,0.057837720870971700,0.456092894077301,0.473,0.128,0.098,0.059,0.039,0.024
DPO_KL_S_full_epoch6,0.5951651916503910,0.5369404525756840,0.058224739074707000,0.589463472366333,0.5,0.11,0.084,0.059,0.041,0.031
DPO_KL_S_full_epoch7,0.501763540506363,0.49089945816993700,0.010864082336425800,0.4982876181602480,0.478,0.089,0.067,0.037,0.024,0.016
DPO_KL_S_full_epoch8,0.6248340148925780,0.5457483749389650,0.07908563995361330,0.6219943761825560,0.524,0.083,0.065,0.041,0.029,0.016
DPO_KL_S_full_epoch9,0.37409469604492200,0.20663722229003900,0.1674574737548830,0.37326180934906000,0.497,0.084,0.056,0.037,0.026,0.017
DPO_KL_S_full_epoch10,0.6786161346435550,0.6416513957977300,0.036964738845825200,0.6762160658836370,0.537,0.057,0.042,0.02,0.013,0.008
DPO_KL_S_full_epoch11,0.7555589342117310,0.701162109375,0.05439682483673090,0.7498782277107240,0.57,0.034,0.025,0.017,0.009,0.006
DPO_KL_S_full_epoch12,0.5486722679138180,0.4325946044921880,0.1160776634216310,0.5494936108589170,0.514,0.062,0.044,0.026,0.021,0.007
DPO_KL_S_full_epoch13,0.3437621459960940,0.26144943237304700,0.08231271362304690,0.3310990631580350,0.466,0.044,0.032,0.017,0.013,0.01
DPO_KL_S_full_epoch14,0.42940784454345700,0.2915381088256840,0.13786973571777300,0.42088842391967800,0.515,0.063,0.046,0.017,0.009,0.003
DPO_KL_S_full_epoch15,0.4362753963470460,0.3269798412323000,0.10929555511474600,0.4309171140193940,0.495,0.047,0.033,0.022,0.011,0.007
DPO_KL_S_full_epoch16,0.51508447265625,0.45657352447509800,0.05851094818115240,0.5109684467315670,0.533,0.043,0.027,0.018,0.014,0.011
DPO_KL_S_full_epoch17,0.5030095520019530,0.4031362609863280,0.09987329101562500,0.5004159808158880,0.52,0.044,0.029,0.02,0.012,0.007
DPO_KL_S_full_epoch18,0.4965226631164550,0.4604474487304690,0.036075214385986400,0.49239641427993800,0.562,0.039,0.03,0.019,0.014,0.01
DPO_KL_S_full_epoch19,0.3842149658203130,0.2650581169128420,0.11915684890747100,0.3847915530204770,0.495,0.037,0.025,0.014,0.01,0.005
DPO_KL_S_full_epoch20,0.40653098011016800,0.3148127239942550,0.09171825611591340,0.40604034066200300,0.499,0.049,0.038,0.021,0.014,0.008
DPO_KL_S_full_epoch21,0.45100405120849600,0.37094361877441400,0.08006043243408200,0.4470459520816800,0.51,0.03,0.02,0.012,0.008,0.006
DPO_KL_S_full_epoch22,0.4205189212560650,0.3311753845214840,0.08934353673458100,0.42795801162719700,0.505,0.041,0.031,0.025,0.017,0.009
DPO_KL_S_full_epoch23,0.5930511474609380,0.5445228271484380,0.048528320312500000,0.5882560610771180,0.561,0.041,0.031,0.021,0.016,0.011
DPO_KL_S_full_epoch24,0.4538197326660160,0.3560228271484380,0.09779690551757810,0.45623743534088100,0.518,0.028,0.02,0.011,0.005,0.001
DPO_KL_S_full_epoch25,0.5450056762695310,0.43710809326171900,0.10789758300781200,0.5385887026786800,0.535,0.025,0.02,0.013,0.009,0.004
DPO_KL_S_full_epoch26,0.4682761688232420,0.4204117431640630,0.0478644256591797,0.4659668207168580,0.541,0.038,0.025,0.018,0.014,0.008
DPO_KL_S_full_epoch27,0.3890894775390630,0.2506956481933590,0.1383938293457030,0.39211100339889500,0.505,0.029,0.018,0.014,0.009,0.005
DPO_KL_S_full_epoch28,0.32713540649414100,0.24839727783203100,0.07873812866210940,0.3292170464992520,0.496,0.027,0.021,0.017,0.01,0.004
DPO_KL_S_full_epoch29,0.5234397430419920,0.42177505493164100,0.10166468811035200,0.5184893012046810,0.548,0.036,0.025,0.015,0.011,0.007
DPO_KL_S_full_epoch30,0.35401579284668000,0.27480947875976600,0.07920631408691400,0.35446906089782700,0.541,0.021,0.013,0.008,0.005,0.004
DPO_KL_S_full_epoch31,0.45247994232177700,0.3852164611816410,0.06726348114013680,0.45187729597091700,0.542,0.029,0.023,0.011,0.01,0.007
DPO_KL_S_full_epoch32,0.40658993530273400,0.34136334228515600,0.0652265930175781,0.4091881811618810,0.525,0.015,0.012,0.008,0.003,0.002
DPO_KL_S_full_epoch33,0.4623968353271480,0.4122659912109380,0.05013084411621090,0.46682238578796400,0.527,0.018,0.013,0.008,0.006,0.005
DPO_KL_S_full_epoch34,0.43899269676208500,0.37455960845947300,0.0644330883026123,0.4416273534297940,0.526,0.015,0.011,0.009,0.005,0.002
DPO_KL_S_full_epoch35,0.42605316162109400,0.3796756896972660,0.04637747192382810,0.4303198754787450,0.535,0.019,0.014,0.011,0.008,0.005
DPO_KL_S_full_epoch36,0.40480426025390600,0.3199316864013670,0.08487257385253910,0.4114910662174230,0.523,0.017,0.012,0.007,0.005,0.003
DPO_KL_S_full_epoch37,0.42476539611816400,0.345368408203125,0.07939698791503910,0.4338051676750180,0.521,0.014,0.012,0.01,0.008,0.003
DPO_KL_S_full_epoch38,0.4758843688964840,0.40012220764160200,0.07576216125488280,0.4831450581550600,0.548,0.022,0.018,0.012,0.009,0.007
DPO_KL_S_full_epoch39,0.4169302825927730,0.35738961791992200,0.05954066467285160,0.4237229824066160,0.529,0.025,0.021,0.01,0.007,0.004
DPO_KL_S_full_epoch40,0.44636864471435500,0.37353430938720700,0.07283433532714840,0.4509859085083010,0.547,0.02,0.013,0.008,0.006,0.004
DPO_KL_S_full_epoch41,0.5213098449707030,0.432596435546875,0.0887134094238281,0.5181147456169130,0.53,0.019,0.014,0.007,0.004,0.0
DPO_KL_S_full_epoch42,0.5124738159179690,0.45333673095703100,0.05913708496093750,0.5099064111709600,0.545,0.017,0.009,0.006,0.004,0.003
C_DPO_KL_S_full_epoch1,0.6605802993774410,0.6489107961654660,0.01166950321197510,0.024003345519304300,0.648,0.119,0.045,0.016,0.004,0.0
C_DPO_KL_S_full_epoch2,0.6647090854644780,0.652115951538086,0.012593133926391500,0.022344065830111500,0.633,0.13,0.062,0.016,0.003,0.0
C_DPO_KL_S_full_epoch3,0.6560328178405760,0.6411155738830570,0.014917243957519600,0.008438913151621820,0.632,0.163,0.077,0.023,0.005,0.002
C_DPO_KL_S_full_epoch4,0.6472112426757810,0.6323118362426760,0.0148994064331055,0.03663985803723340,0.622,0.167,0.091,0.027,0.008,0.005
C_DPO_KL_S_full_epoch5,0.6489331817626950,0.6344501800537110,0.014483001708984400,0.03539470210671430,0.622,0.17,0.091,0.026,0.008,0.003
C_DPO_KL_S_full_epoch6,0.629931785583496,0.6143009490966800,0.015630836486816400,0.024146616458892800,0.613,0.193,0.112,0.04,0.012,0.005
C_DPO_KL_S_full_epoch7,0.6212636795043950,0.6023080368041990,0.01895564270019530,0.02427981235086920,0.602,0.231,0.134,0.049,0.023,0.008
C_DPO_KL_S_full_epoch8,0.6071838493347170,0.5884453048706050,0.018738544464111400,0.025253724306821800,0.601,0.244,0.159,0.055,0.026,0.011
C_DPO_KL_S_full_epoch9,0.6110502662658690,0.590865569114685,0.020184697151184100,0.027123693376779600,0.623,0.24,0.156,0.062,0.027,0.01
C_DPO_KL_S_full_epoch10,0.5964663677215580,0.573731520652771,0.02273484706878660,0.03559373691678050,0.601,0.256,0.179,0.077,0.04,0.02
C_DPO_KL_S_full_epoch11,0.5887273635864260,0.5670204515457150,0.021706912040710400,0.023790838196873700,0.589,0.258,0.183,0.077,0.036,0.015
C_DPO_KL_S_full_epoch12,0.5828472862243650,0.5585500984191900,0.024297187805175800,0.019259274005889900,0.6,0.291,0.193,0.079,0.037,0.016
C_DPO_KL_S_full_epoch13,0.5616294357776640,0.539129337310791,0.022500098466873200,0.040820471942424800,0.582,0.277,0.189,0.082,0.037,0.014
C_DPO_KL_S_full_epoch14,0.5665966243743900,0.5440166583061220,0.022579966068267800,0.039787717163562800,0.577,0.265,0.191,0.094,0.043,0.019
C_DPO_KL_S_full_epoch15,0.5459486951828000,0.5191464424133300,0.026802252769470200,0.02875218726694580,0.605,0.311,0.221,0.101,0.055,0.02
C_DPO_KL_S_full_epoch16,0.555095458984375,0.533239444732666,0.02185601425170890,0.04843711853027340,0.588,0.278,0.197,0.094,0.049,0.022
C_DPO_KL_S_full_epoch17,0.5478703327178960,0.5202437801361080,0.027626552581787100,0.03433709219098090,0.596,0.298,0.21,0.116,0.061,0.032
C_DPO_KL_S_full_epoch18,0.5271380386352540,0.49986481285095200,0.027273225784301700,0.04067419096827510,0.583,0.303,0.217,0.126,0.062,0.029
C_DPO_KL_S_full_epoch19,0.5194543380737300,0.4923881072998050,0.027066230773925700,0.0395922027528286,0.583,0.319,0.241,0.126,0.06,0.026
C_DPO_KL_S_full_epoch20,0.4964314573407170,0.4698111209869390,0.026620336353778800,0.03841143846511840,0.574,0.319,0.242,0.134,0.077,0.039
C_DPO_KL_S_full_epoch21,0.48733035230636600,0.4628679122924810,0.024462440013885500,0.041270662099123,0.546,0.292,0.226,0.127,0.068,0.033
C_DPO_KL_S_full_epoch22,0.4895499773025510,0.46349420309066800,0.026055774211883500,0.04439052194356920,0.576,0.303,0.228,0.134,0.075,0.032
C_DPO_KL_S_full_epoch23,0.48422089195251500,0.4606307373046880,0.023590154647827200,0.040658943355083500,0.577,0.312,0.23,0.128,0.071,0.034
C_DPO_KL_S_full_epoch24,0.46744602966308600,0.4424743995666500,0.02497163009643560,0.028595151379704500,0.554,0.303,0.223,0.145,0.094,0.04
C_DPO_KL_S_full_epoch25,0.4744577522277830,0.4449949493408200,0.029462802886962900,0.032010726630687700,0.565,0.322,0.251,0.156,0.085,0.04
C_DPO_KL_S_full_epoch26,0.4635846853256230,0.4364551854133610,0.02712949991226200,0.04771823436021810,0.566,0.317,0.24,0.149,0.09,0.057
C_DPO_KL_S_full_epoch27,0.45007705211639400,0.4202192053794860,0.029857846736907900,0.03906727209687230,0.546,0.309,0.239,0.158,0.093,0.048
C_DPO_KL_S_full_epoch28,0.45271388626098600,0.42604468727111800,0.026669198989868200,0.03764599561691280,0.566,0.328,0.252,0.154,0.089,0.048
C_DPO_KL_S_full_epoch29,0.43663504219055200,0.40939079952240000,0.02724424266815180,0.04995088651776310,0.555,0.325,0.241,0.154,0.089,0.051
C_DPO_KL_S_full_epoch30,0.4409940605163570,0.4115277941226960,0.02946626639366150,0.04498124122619630,0.574,0.337,0.258,0.163,0.101,0.054
C_DPO_KL_S_full_epoch31,0.42805161476135300,0.402613374710083,0.025438240051269500,0.04040735214948650,0.556,0.312,0.257,0.161,0.098,0.053
C_DPO_KL_S_full_epoch32,0.42212696552276600,0.3924116334915160,0.02971533203125000,0.03655586019158360,0.548,0.334,0.263,0.161,0.107,0.064
C_DPO_KL_S_full_epoch33,0.41137631762027700,0.38519225454330400,0.026184063076973000,0.04372109845280650,0.532,0.329,0.258,0.16,0.093,0.053
C_DPO_KL_S_full_epoch34,0.4130725396871570,0.3847377529144290,0.028334786772728000,0.03355826064944270,0.549,0.338,0.255,0.162,0.098,0.049
C_DPO_KL_S_full_epoch35,0.4070373393297200,0.378114905834198,0.028922433495521500,0.04496385157108310,0.544,0.349,0.274,0.164,0.099,0.06
C_DPO_KL_S_full_epoch36,0.4047381736636160,0.37365398144722000,0.031084192216396400,0.04790303483605390,0.548,0.342,0.275,0.17,0.108,0.077
C_DPO_KL_S_full_epoch37,0.3944901943206790,0.36567494213581100,0.028815252184867900,0.04162004217505460,0.541,0.336,0.266,0.174,0.107,0.06
C_DPO_KL_S_full_epoch38,0.39253823781013500,0.3645780372619630,0.027960200548171900,0.04994184896349910,0.53,0.339,0.274,0.171,0.107,0.066
C_DPO_KL_S_full_epoch39,0.38516916751861600,0.3571538186073300,0.02801534891128540,0.050370849668979600,0.515,0.334,0.268,0.176,0.112,0.066
C_DPO_KL_S_full_epoch40,0.3809494943618770,0.35328602266311600,0.02766347169876100,0.03796148672699930,0.534,0.338,0.278,0.182,0.111,0.072
C_DPO_KL_S_full_epoch41,0.38110920357704200,0.3523925428390500,0.02871666073799130,0.04654311761260030,0.526,0.334,0.279,0.178,0.116,0.073
C_DPO_KL_S_full_epoch42,0.37311674988269800,0.3453526668548580,0.02776408302783970,0.040259964764118200,0.507,0.323,0.266,0.179,0.107,0.062
C_DPO_KL_S_full_epoch43,0.3707207169532780,0.3427227807044980,0.027997936248779300,0.03808118775486950,0.521,0.327,0.273,0.182,0.114,0.07
C_DPO_KL_S_full_epoch44,0.37079974794387800,0.34272632479667700,0.028073423147201500,0.04047655686736110,0.518,0.335,0.282,0.18,0.111,0.068
C_DPO_KL_S_full_epoch45,0.3650373907089230,0.33792965185642200,0.027107738852500900,0.043013546615839000,0.516,0.328,0.278,0.18,0.114,0.076
C_DPO_KL_S_full_epoch46,0.36476932001113900,0.33829813575744600,0.02647118425369270,0.04520129784941670,0.51,0.33,0.276,0.182,0.116,0.074
C_DPO_KL_S_full_epoch47,0.36489651107788100,0.33791671848297100,0.02697979259490970,0.03934003412723540,0.511,0.335,0.28,0.18,0.114,0.072
C_DPO_KL_S_full_epoch48,0.3637885420322420,0.3367886248230930,0.026999917209148400,0.04539558291435240,0.516,0.331,0.281,0.184,0.117,0.076
C_DPO_KL_S_full_epoch49,0.3637621164321900,0.3368898358941080,0.026872280538082100,0.03847211226820950,0.511,0.331,0.276,0.183,0.115,0.077
C_DPO_KL_S_full_epoch50,0.3635940270423890,0.3366987235546110,0.02689530348777770,0.05426061525940900,0.513,0.333,0.28,0.184,0.114,0.075
HNC_L2_100_S_full_epoch1,-0.10520932936668400,-0.11074915218353300,0.005539822816848760,-0.4562773108482360,0.391,0.145,0.072,0.031,0.015,0.006
HNC_L2_100_S_full_epoch2,-0.12261984252929700,-0.1286012191772460,0.005981376647949220,-0.481742262840271,0.412,0.119,0.061,0.018,0.006,0.0
HNC_L2_100_S_full_epoch3,-0.1283181869983670,-0.13419874727726000,0.005880560278892530,-0.47662022709846500,0.446,0.14,0.068,0.025,0.008,0.005
HNC_L2_100_S_full_epoch4,-0.1459431345462800,-0.15238595008850100,0.006442815542221060,-0.4896550178527830,0.433,0.14,0.06,0.019,0.008,0.001
HNC_L2_100_S_full_epoch5,-0.1374691265821460,-0.1440152028799060,0.006546076297760020,-0.49187061190605200,0.457,0.165,0.092,0.025,0.009,0.002
HNC_L2_100_S_full_epoch6,-0.14609326171875,-0.1526446053981780,0.006551343679428080,-0.4911558926105500,0.464,0.173,0.104,0.034,0.014,0.005
HNC_L2_100_S_full_epoch7,-0.16135938262939500,-0.16899197387695300,0.007632591247558610,-0.4987931549549100,0.458,0.175,0.088,0.027,0.008,0.001
HNC_L2_100_S_full_epoch8,-0.15389531326293900,-0.16222780561447100,0.008332492351532000,-0.48794224858284000,0.474,0.181,0.1,0.032,0.013,0.006
HNC_L2_100_S_full_epoch9,-0.15498648738861100,-0.1628474851846700,0.007860997796058640,-0.4877048432827000,0.467,0.206,0.119,0.042,0.016,0.006
HNC_L2_100_S_full_epoch10,-0.15755652809143100,-0.16586789441108700,0.008311366319656370,-0.49621230363845800,0.47,0.213,0.121,0.038,0.009,0.003
HNC_L2_100_S_full_epoch11,-0.16591153717041000,-0.17579353380203200,0.009881996631622310,-0.4950118660926820,0.456,0.214,0.125,0.036,0.012,0.003
HNC_L2_100_S_full_epoch12,-0.16736038398742700,-0.17592866945266700,0.008568285465240490,-0.5001170039176940,0.468,0.226,0.134,0.046,0.019,0.006
HNC_L2_100_S_full_epoch13,-0.1762912483215330,-0.1856602153778080,0.009368967056274410,-0.4967193007469180,0.469,0.212,0.121,0.036,0.015,0.006
HNC_L2_100_S_full_epoch14,-0.16975879049301100,-0.17898341274261500,0.00922462224960327,-0.49783432483673100,0.466,0.225,0.136,0.051,0.021,0.006
HNC_L2_100_S_full_epoch15,-0.1743082776069640,-0.18375468826293900,0.009446410655975350,-0.49242374300956700,0.477,0.222,0.133,0.047,0.019,0.005
HNC_L2_100_S_full_epoch16,-0.17327760869264600,-0.18276660215854600,0.00948899346590043,-0.4931030869483950,0.468,0.24,0.147,0.057,0.024,0.008
HNC_L2_100_S_full_epoch17,-0.17498644256591800,-0.18510203075408900,0.010115588188171400,-0.4927096962928770,0.47,0.233,0.144,0.057,0.023,0.01
HNC_L2_100_S_full_epoch18,-0.17664781522750900,-0.18634835290908800,0.00970053768157958,-0.4891696572303770,0.47,0.234,0.146,0.058,0.022,0.008
HNC_L2_100_S_full_epoch19,-0.17556532144546500,-0.18531008005142200,0.009744758605957060,-0.4920186996459960,0.464,0.236,0.142,0.062,0.025,0.01
HNC_L2_100_S_full_epoch20,-0.17555622386932400,-0.18531372356414800,0.009757499694824200,-0.4911666512489320,0.464,0.234,0.144,0.061,0.026,0.01